tier,window_end_day,team_semester_n,mean_team_full_period_rolling_intensity_pct,median_team_full_period_rolling_intensity_pct,ci95_lower,ci95_upper
High evaluator score + good planning,-110,4,0.0,0.0,0.0,0.0
High evaluator score + good planning,-109,4,0.0,0.0,0.0,0.0
High evaluator score + good planning,-108,4,0.0,0.0,0.0,0.0
High evaluator score + good planning,-107,4,0.0,0.0,0.0,0.0
High evaluator score + good planning,-106,4,0.0,0.0,0.0,0.0
High evaluator score + good planning,-105,4,0.0,0.0,0.0,0.0
High evaluator score + good planning,-104,4,0.0,0.0,0.0,0.0
High evaluator score + good planning,-103,4,0.0,0.0,0.0,0.0
High evaluator score + good planning,-102,4,0.0,0.0,0.0,0.0
High evaluator score + good planning,-101,4,0.0,0.0,0.0,0.0
High evaluator score + good planning,-100,4,0.0,0.0,0.0,0.0
High evaluator score + good planning,-99,4,0.0,0.0,0.0,0.0
High evaluator score + good planning,-98,4,0.0,0.0,0.0,0.0
High evaluator score + good planning,-97,4,0.0,0.0,0.0,0.0
High evaluator score + good planning,-96,4,0.0,0.0,0.0,0.0
High evaluator score + good planning,-95,4,0.0,0.0,0.0,0.0
High evaluator score + good planning,-94,4,0.0,0.0,0.0,0.0
High evaluator score + good planning,-93,4,0.0,0.0,0.0,0.0
High evaluator score + good planning,-92,4,0.0,0.0,0.0,0.0
High evaluator score + good planning,-91,4,0.0,0.0,0.0,0.0
High evaluator score + good planning,-90,4,0.0,0.0,0.0,0.0
High evaluator score + good planning,-89,4,0.0,0.0,0.0,0.0
High evaluator score + good planning,-88,4,0.0,0.0,0.0,0.0
High evaluator score + good planning,-87,4,0.0,0.0,0.0,0.0
High evaluator score + good planning,-86,4,1.1904761904761905,0.0,0.0,3.571428571428571
High evaluator score + good planning,-85,4,1.1904761904761905,0.0,0.0,3.571428571428571
High evaluator score + good planning,-84,4,2.4404761904761907,2.380952380952381,0.0,4.880952380952381
High evaluator score + good planning,-83,4,2.4404761904761907,2.380952380952381,0.0,4.880952380952381
High evaluator score + good planning,-82,4,2.4404761904761907,2.380952380952381,0.0,4.880952380952381
High evaluator score + good planning,-81,4,2.4404761904761907,2.380952380952381,0.0,4.880952380952381
High evaluator score + good planning,-80,4,2.4404761904761907,2.380952380952381,0.0,4.880952380952381
High evaluator score + good planning,-79,4,1.25,0.0,0.0,3.75
High evaluator score + good planning,-78,4,1.25,0.0,0.0,3.75
High evaluator score + good planning,-77,4,0.0,0.0,0.0,0.0
High evaluator score + good planning,-76,4,0.0,0.0,0.0,0.0
High evaluator score + good planning,-75,4,0.0,0.0,0.0,0.0
High evaluator score + good planning,-74,4,0.0,0.0,0.0,0.0
High evaluator score + good planning,-73,4,0.0,0.0,0.0,0.0
High evaluator score + good planning,-72,4,0.0,0.0,0.0,0.0
High evaluator score + good planning,-71,4,3.273809523809524,4.0476190476190474,1.1904761904761905,4.880952380952381
High evaluator score + good planning,-70,4,4.464285714285714,4.166666666666667,1.25,7.976190476190476
High evaluator score + good planning,-69,4,6.904761904761904,6.666666666666667,1.6666666666666667,12.142857142857142
High evaluator score + good planning,-68,4,10.476190476190476,6.666666666666667,1.6666666666666667,22.261904761904763
High evaluator score + good planning,-67,4,12.857142857142858,6.666666666666667,1.6666666666666667,29.404761904761905
High evaluator score + good planning,-66,4,12.857142857142858,6.666666666666667,1.6666666666666667,29.404761904761905
High evaluator score + good planning,-65,4,18.809523809523807,6.666666666666667,1.6666666666666667,47.26190476190476
High evaluator score + good planning,-64,4,15.535714285714286,2.5,0.0,42.85714285714286
High evaluator score + good planning,-63,4,14.345238095238095,2.5,0.0,39.285714285714285
High evaluator score + good planning,-62,4,11.904761904761905,0.0,0.0,35.714285714285715
High evaluator score + good planning,-61,4,8.333333333333334,0.0,0.0,25.0
High evaluator score + good planning,-60,4,8.333333333333334,0.0,0.0,25.0
High evaluator score + good planning,-59,4,13.928571428571429,1.6666666666666667,0.0,39.285714285714285
High evaluator score + good planning,-58,4,12.142857142857142,10.0,0.0,24.285714285714285
High evaluator score + good planning,-57,4,12.142857142857142,10.0,0.0,24.285714285714285
High evaluator score + good planning,-56,4,28.095238095238095,30.0,10.0,46.19047619047619
High evaluator score + good planning,-55,4,29.761904761904763,33.333333333333336,10.0,46.19047619047619
High evaluator score + good planning,-54,4,41.666666666666664,33.333333333333336,10.0,81.66666666666667
High evaluator score + good planning,-53,4,39.285714285714285,33.333333333333336,10.0,74.52380952380953
High evaluator score + good planning,-52,4,43.69047619047619,51.66666666666667,15.833333333333334,67.38095238095238
High evaluator score + good planning,-51,4,47.20899470899471,55.0,23.055555555555554,70.71428571428572
High evaluator score + good planning,-50,4,47.20899470899471,55.0,23.055555555555554,70.71428571428572
High evaluator score + good planning,-49,4,45.23809523809524,40.47619047619048,11.904761904761905,83.33333333333334
High evaluator score + good planning,-48,4,43.57142857142857,40.47619047619048,11.904761904761905,78.33333333333333
High evaluator score + good planning,-47,4,31.666666666666664,16.666666666666668,0.0,70.0
High evaluator score + good planning,-46,4,35.37037037037037,24.074074074074073,0.0,70.74074074074073
High evaluator score + good planning,-45,4,25.37037037037037,24.074074074074073,0.0,50.74074074074074
High evaluator score + good planning,-44,4,17.685185185185183,15.0,0.0,35.37037037037037
High evaluator score + good planning,-43,4,17.685185185185183,15.0,0.0,35.37037037037037
High evaluator score + good planning,-42,4,7.453703703703704,7.407407407407407,0.0,14.907407407407408
High evaluator score + good planning,-41,4,7.453703703703704,7.407407407407407,0.0,14.907407407407408
High evaluator score + good planning,-40,4,8.703703703703704,7.407407407407407,0.0,17.40740740740741
High evaluator score + good planning,-39,4,5.0,0.0,0.0,15.0
High evaluator score + good planning,-38,4,9.556878306878307,6.613756613756614,1.8518518518518519,19.675925925925924
High evaluator score + good planning,-37,4,9.556878306878307,6.613756613756614,1.8518518518518519,19.675925925925924
High evaluator score + good planning,-36,4,9.556878306878307,6.613756613756614,1.8518518518518519,19.675925925925924
High evaluator score + good planning,-35,4,8.187830687830688,6.851851851851852,1.8518518518518519,15.211640211640212
High evaluator score + good planning,-34,4,13.187830687830688,11.375661375661375,1.8518518518518519,24.523809523809526
High evaluator score + good planning,-33,4,13.128306878306878,13.756613756613756,1.8518518518518519,24.404761904761905
High evaluator score + good planning,-32,4,22.387566137566136,16.203703703703702,3.7037037037037037,44.70899470899471
High evaluator score + good planning,-31,4,19.080687830687832,14.351851851851851,1.8518518518518519,36.640211640211646
High evaluator score + good planning,-30,4,21.461640211640212,14.351851851851851,1.8518518518518519,43.783068783068785
High evaluator score + good planning,-29,4,25.211640211640212,21.85185185185185,1.8518518518518519,48.57142857142857
High evaluator score + good planning,-28,4,38.783068783068785,37.56613756613757,1.8518518518518519,75.71428571428572
High evaluator score + good planning,-27,4,40.44973544973545,43.333333333333336,15.185185185185185,65.71428571428572
High evaluator score + good planning,-26,4,40.092592592592595,45.0,16.85185185185185,63.33333333333334
High evaluator score + good planning,-25,4,33.87566137566138,34.04761904761905,15.079365079365077,52.5
High evaluator score + good planning,-24,4,37.62566137566138,44.04761904761905,18.055555555555554,52.5
High evaluator score + good planning,-23,4,39.82804232804233,40.952380952380956,17.98941798941799,61.66666666666667
High evaluator score + good planning,-22,4,44.27248677248677,44.285714285714285,23.544973544973544,65.0
High evaluator score + good planning,-21,4,39.57010582010582,26.75925925925926,11.64021164021164,79.62962962962963
High evaluator score + good planning,-20,4,35.40343915343915,31.75925925925926,11.64021164021164,59.62962962962962
High evaluator score + good planning,-19,4,42.99603174603175,46.111111111111114,13.49206349206349,72.5
High evaluator score + good planning,-18,4,41.2037037037037,42.407407407407405,7.407407407407407,75.0
High evaluator score + good planning,-17,4,36.2037037037037,32.407407407407405,7.407407407407407,65.0
High evaluator score + good planning,-16,4,32.87037037037037,30.74074074074074,7.407407407407407,58.33333333333333
High evaluator score + good planning,-15,4,24.675925925925927,16.85185185185185,1.8518518518518519,49.675925925925924
High evaluator score + good planning,-14,4,13.425925925925926,1.8518518518518519,0.0,37.5
High evaluator score + good planning,-13,4,12.175925925925926,1.8518518518518519,0.0,33.75
High evaluator score + good planning,-12,4,4.675925925925926,1.8518518518518519,0.0,11.25
High evaluator score + good planning,-11,4,3.425925925925926,1.8518518518518519,0.0,7.5
High evaluator score + good planning,-10,4,3.425925925925926,1.8518518518518519,0.0,7.5
High evaluator score + good planning,-9,4,4.027777777777778,2.5,0.0,8.333333333333332
High evaluator score + good planning,-8,4,4.027777777777778,2.5,0.0,8.333333333333332
High evaluator score + good planning,-7,4,4.027777777777778,2.5,0.0,8.333333333333332
High evaluator score + good planning,-6,4,2.7777777777777777,0.0,0.0,8.333333333333332
High evaluator score + good planning,-5,4,4.351851851851852,3.7037037037037037,0.0,8.703703703703704
High evaluator score + good planning,-4,4,4.351851851851852,3.7037037037037037,0.0,8.703703703703704
High evaluator score + good planning,-3,4,8.055555555555555,5.0,0.0,16.666666666666664
High evaluator score + good planning,-2,4,12.222222222222221,13.333333333333334,3.3333333333333335,21.11111111111111
High evaluator score + good planning,-1,4,28.14814814814815,26.666666666666668,6.666666666666667,49.62962962962963
High evaluator score + good planning,0,4,72.85714285714286,85.71428571428572,40.0,100.0
Lower evaluator score / weaker planning,-110,10,2.142857142857143,0.0,0.0,6.428571428571428
Lower evaluator score / weaker planning,-109,10,2.142857142857143,0.0,0.0,6.428571428571428
Lower evaluator score / weaker planning,-108,10,2.142857142857143,0.0,0.0,6.428571428571428
Lower evaluator score / weaker planning,-107,10,2.142857142857143,0.0,0.0,6.428571428571428
Lower evaluator score / weaker planning,-106,10,2.142857142857143,0.0,0.0,6.428571428571428
Lower evaluator score / weaker planning,-105,10,2.142857142857143,0.0,0.0,6.428571428571428
Lower evaluator score / weaker planning,-104,10,13.571428571428573,0.0,0.0,33.57142857142857
Lower evaluator score / weaker planning,-103,10,13.571428571428573,0.0,0.0,33.57142857142857
Lower evaluator score / weaker planning,-102,10,14.285714285714286,0.0,0.0,34.28571428571429
Lower evaluator score / weaker planning,-101,10,15.0,0.0,0.0,35.0
Lower evaluator score / weaker planning,-100,10,15.0,0.0,0.0,35.0
Lower evaluator score / weaker planning,-99,10,15.0,0.0,0.0,35.0
Lower evaluator score / weaker planning,-98,10,15.0,0.0,0.0,35.0
Lower evaluator score / weaker planning,-97,10,3.5714285714285716,0.0,0.0,10.714285714285714
Lower evaluator score / weaker planning,-96,10,1.4285714285714286,0.0,0.0,4.2857142857142865
Lower evaluator score / weaker planning,-95,10,0.7142857142857143,0.0,0.0,2.1428571428571432
Lower evaluator score / weaker planning,-94,10,0.7407407407407407,0.0,0.0,2.2222222222222223
Lower evaluator score / weaker planning,-93,10,0.7407407407407407,0.0,0.0,2.2222222222222223
Lower evaluator score / weaker planning,-92,10,0.7407407407407407,0.0,0.0,2.2222222222222223
Lower evaluator score / weaker planning,-91,10,0.7407407407407407,0.0,0.0,2.2222222222222223
Lower evaluator score / weaker planning,-90,10,0.7407407407407407,0.0,0.0,2.2222222222222223
Lower evaluator score / weaker planning,-89,10,2.9292929292929295,0.0,0.0,7.272727272727273
Lower evaluator score / weaker planning,-88,10,3.8383838383838382,0.0,0.0,9.292929292929292
Lower evaluator score / weaker planning,-87,10,4.006734006734007,0.0,0.0,11.279461279461282
Lower evaluator score / weaker planning,-86,10,4.006734006734007,0.0,0.0,11.279461279461282
Lower evaluator score / weaker planning,-85,10,4.006734006734007,0.0,0.0,11.279461279461282
Lower evaluator score / weaker planning,-84,10,4.006734006734007,0.0,0.0,11.279461279461282
Lower evaluator score / weaker planning,-83,10,5.858585858585859,0.0,0.0,14.545454545454547
Lower evaluator score / weaker planning,-82,10,3.6700336700336704,0.0,0.0,9.15824915824916
Lower evaluator score / weaker planning,-81,10,2.7609427609427613,0.0,0.0,6.464646464646465
Lower evaluator score / weaker planning,-80,10,1.8518518518518519,0.0,0.0,5.555555555555555
Lower evaluator score / weaker planning,-79,10,4.94949494949495,0.0,0.0,12.121212121212121
Lower evaluator score / weaker planning,-78,10,5.31986531986532,0.0,0.0,13.232323232323234
Lower evaluator score / weaker planning,-77,10,5.69023569023569,0.0,0.0,14.107744107744107
Lower evaluator score / weaker planning,-76,10,4.57912457912458,0.0,0.0,11.01010101010101
Lower evaluator score / weaker planning,-75,10,4.57912457912458,0.0,0.0,11.01010101010101
Lower evaluator score / weaker planning,-74,10,4.57912457912458,0.0,0.0,11.01010101010101
Lower evaluator score / weaker planning,-73,10,4.57912457912458,0.0,0.0,11.01010101010101
Lower evaluator score / weaker planning,-72,10,1.4814814814814814,0.0,0.0,4.444444444444445
Lower evaluator score / weaker planning,-71,10,1.1111111111111112,0.0,0.0,3.333333333333333
Lower evaluator score / weaker planning,-70,10,0.933048433048433,0.0,0.0,2.4145299145299144
Lower evaluator score / weaker planning,-69,10,0.5626780626780626,0.0,0.0,1.3176638176638176
Lower evaluator score / weaker planning,-68,10,2.4145299145299144,0.0,0.0,6.8589743589743595
Lower evaluator score / weaker planning,-67,10,2.4145299145299144,0.0,0.0,6.8589743589743595
Lower evaluator score / weaker planning,-66,10,2.4145299145299144,0.0,0.0,6.8589743589743595
Lower evaluator score / weaker planning,-65,10,2.4145299145299144,0.0,0.0,6.8589743589743595
Lower evaluator score / weaker planning,-64,10,3.1552706552706553,0.0,0.0,9.081196581196583
Lower evaluator score / weaker planning,-63,10,10.0,0.0,0.0,30.0
Lower evaluator score / weaker planning,-62,10,9.62962962962963,0.0,0.0,28.888888888888886
Lower evaluator score / weaker planning,-61,10,7.777777777777777,0.0,0.0,23.333333333333332
Lower evaluator score / weaker planning,-60,10,7.777777777777777,0.0,0.0,23.333333333333332
Lower evaluator score / weaker planning,-59,10,7.777777777777777,0.0,0.0,23.333333333333332
Lower evaluator score / weaker planning,-58,10,7.777777777777777,0.0,0.0,23.333333333333332
Lower evaluator score / weaker planning,-57,10,7.037037037037036,0.0,0.0,21.111111111111107
Lower evaluator score / weaker planning,-56,10,0.0,0.0,0.0,0.0
Lower evaluator score / weaker planning,-55,10,0.0,0.0,0.0,0.0
Lower evaluator score / weaker planning,-54,10,0.0,0.0,0.0,0.0
Lower evaluator score / weaker planning,-53,10,0.0,0.0,0.0,0.0
Lower evaluator score / weaker planning,-52,10,0.0,0.0,0.0,0.0
Lower evaluator score / weaker planning,-51,10,0.0,0.0,0.0,0.0
Lower evaluator score / weaker planning,-50,10,0.0,0.0,0.0,0.0
Lower evaluator score / weaker planning,-49,10,1.1111111111111112,0.0,0.0,3.333333333333333
Lower evaluator score / weaker planning,-48,10,1.8518518518518519,0.0,0.0,5.555555555555555
Lower evaluator score / weaker planning,-47,10,3.3333333333333335,0.0,0.0,10.0
Lower evaluator score / weaker planning,-46,10,5.555555555555555,0.0,0.0,16.666666666666668
Lower evaluator score / weaker planning,-45,10,6.324786324786325,0.0,0.0,17.435897435897438
Lower evaluator score / weaker planning,-44,10,6.7835019211166,0.0,0.0,18.205128205128204
Lower evaluator score / weaker planning,-43,10,6.7835019211166,0.0,0.0,18.205128205128204
Lower evaluator score / weaker planning,-42,10,9.46156459917928,0.0,0.0,22.000052275281636
Lower evaluator score / weaker planning,-41,10,10.505688670826286,0.0,0.9523809523809523,23.537841702979318
Lower evaluator score / weaker planning,-40,10,9.024207189344803,0.0,0.9523809523809523,19.28061744575506
Lower evaluator score / weaker planning,-39,10,6.893728086388637,0.0,0.9523809523809523,14.10491649023759
Lower evaluator score / weaker planning,-38,10,6.124497317157868,0.0,0.9523809523809523,12.095193287853839
Lower evaluator score / weaker planning,-37,10,5.665781720827593,0.0,0.3669724770642202,11.601418713804023
Lower evaluator score / weaker planning,-36,10,5.94983253240134,0.0,0.5504587155963303,12.222222222222223
Lower evaluator score / weaker planning,-35,10,2.2524018624936053,0.0,0.3669724770642202,4.349471459563203
Lower evaluator score / weaker planning,-34,10,0.5592801693719125,0.0,0.0,1.4678899082568808
Lower evaluator score / weaker planning,-33,10,0.7427664079040226,0.0,0.0,2.0359915314043753
Lower evaluator score / weaker planning,-32,10,0.6510232886379675,0.0,0.0,1.7607621736062105
Lower evaluator score / weaker planning,-31,10,2.898001590662141,0.0,0.5769230769230769,5.5701179554390565
Lower evaluator score / weaker planning,-30,10,8.630429628136051,0.9615384615384616,1.843683839096683,17.14233439004081
Lower evaluator score / weaker planning,-29,10,16.669359777157943,0.9615384615384616,3.1552706552706553,35.00740103635742
Lower evaluator score / weaker planning,-28,10,31.392431472706697,6.466125617501764,8.956043956043954,56.4285350225717
Lower evaluator score / weaker planning,-27,10,33.46660262944666,7.84227240649259,9.716602629446665,60.04629629629629
Lower evaluator score / weaker planning,-26,10,33.85121801406205,9.765349329569514,10.101218014062052,60.10121801406204
Lower evaluator score / weaker planning,-25,10,34.04352570636974,10.726887791107975,10.293525706369744,60.29352570636975
Lower evaluator score / weaker planning,-24,10,31.988855096653264,10.770995059985886,10.00915750915751,56.87169312169313
Lower evaluator score / weaker planning,-23,10,26.71854054881578,4.8076923076923075,5.086450247000705,50.995097325372555
Lower evaluator score / weaker planning,-22,10,26.371918092101577,9.438955539872971,6.982210068219246,50.0261122032911
Lower evaluator score / weaker planning,-21,10,18.41838844132422,11.688311688311689,5.063058501131898,38.831031353967134
Lower evaluator score / weaker planning,-20,10,16.2524741653182,4.545454545454546,3.0244755244755246,36.72817922817923
Lower evaluator score / weaker planning,-19,10,16.054742912541077,4.545454545454546,2.9234297812279464,36.592851592851595
Lower evaluator score / weaker planning,-18,10,17.55555691335508,9.307359307359308,4.246792962389293,38.22566144355133
Lower evaluator score / weaker planning,-17,10,20.52394343678747,9.307359307359308,4.570475396163469,42.491072956095834
Lower evaluator score / weaker planning,-16,10,24.449621055125643,9.307359307359308,6.736963342467931,46.293706293706286
Lower evaluator score / weaker planning,-15,10,18.697510440629706,9.307359307359308,5.886155129274395,33.67265055281109
Lower evaluator score / weaker planning,-14,10,13.524259464626436,0.0,1.4678899082568808,28.504273504273506
Lower evaluator score / weaker planning,-13,10,13.707745703158547,0.0,1.6513761467889907,28.66704566245851
Lower evaluator score / weaker planning,-12,10,13.337375332788179,0.0,1.6513761467889907,27.92630492171777
Lower evaluator score / weaker planning,-11,10,11.644253639666484,0.0,0.0,25.170940170940174
Lower evaluator score / weaker planning,-10,10,8.483559423926398,0.0,0.0,18.454415954415957
Lower evaluator score / weaker planning,-9,10,4.8297132700802425,0.0,0.0,10.71355759429154
Lower evaluator score / weaker planning,-8,10,3.981612169685564,0.0,0.0,9.145691209911394
Lower evaluator score / weaker planning,-7,10,4.043493034318722,0.0,0.0,10.667516139992934
Lower evaluator score / weaker planning,-6,10,6.262317363234795,0.0,0.0,15.11722731906218
Lower evaluator score / weaker planning,-5,10,7.512317363234795,0.0,0.0,16.27463472646959
Lower evaluator score / weaker planning,-4,10,10.480862579486432,0.0,2.142857142857143,20.604582301830007
Lower evaluator score / weaker planning,-3,10,13.102598641589466,5.769230769230769,3.557692307692308,25.733314850287325
Lower evaluator score / weaker planning,-2,10,13.286084880121575,5.769230769230769,3.557692307692308,26.21978547064554
Lower evaluator score / weaker planning,-1,10,28.834348203614258,24.51923076923077,11.332417582417582,46.33790220143429
Lower evaluator score / weaker planning,0,10,84.41137566137566,100.0,64.11375661375662,100.0
