Semestre,ID_Equipe,window_end_day,clean_churn_7d,unique_clean_file_n_7d,clean_file_event_n_7d,measurement_status,tier,evaluator_score_t3,planning_artifact_present_t1,planning_scope_log1p_t1,team_window_clean_churn_total,team_window_clean_churn_share_pct
2025.2,TEAM_01,-6,0.0,0,0,no_clean_change_observed,Lower evaluator score / weaker planning,1.5,True,4.143134726391533,2293.0,0.0
2025.2,TEAM_01,-5,0.0,0,0,no_clean_change_observed,Lower evaluator score / weaker planning,1.5,True,4.143134726391533,2293.0,0.0
2025.2,TEAM_01,-4,0.0,0,0,no_clean_change_observed,Lower evaluator score / weaker planning,1.5,True,4.143134726391533,2293.0,0.0
2025.2,TEAM_01,-3,0.0,0,0,no_clean_change_observed,Lower evaluator score / weaker planning,1.5,True,4.143134726391533,2293.0,0.0
2025.2,TEAM_01,-2,0.0,0,0,no_clean_change_observed,Lower evaluator score / weaker planning,1.5,True,4.143134726391533,2293.0,0.0
2025.2,TEAM_01,-1,956.0,16,22,available,Lower evaluator score / weaker planning,1.5,True,4.143134726391533,2293.0,41.692106410815526
2025.2,TEAM_01,0,1337.0,20,30,available,Lower evaluator score / weaker planning,1.5,True,4.143134726391533,2293.0,58.307893589184474
2026.1,TEAM_01,-6,0.0,0,0,no_clean_change_observed,Lower evaluator score / weaker planning,2.5,True,1.0986122886681096,6546.0,0.0
2026.1,TEAM_01,-5,0.0,0,0,no_clean_change_observed,Lower evaluator score / weaker planning,2.5,True,1.0986122886681096,6546.0,0.0
2026.1,TEAM_01,-4,0.0,0,0,no_clean_change_observed,Lower evaluator score / weaker planning,2.5,True,1.0986122886681096,6546.0,0.0
2026.1,TEAM_01,-3,0.0,0,0,no_clean_change_observed,Lower evaluator score / weaker planning,2.5,True,1.0986122886681096,6546.0,0.0
2026.1,TEAM_01,-2,0.0,0,0,no_clean_change_observed,Lower evaluator score / weaker planning,2.5,True,1.0986122886681096,6546.0,0.0
2026.1,TEAM_01,-1,0.0,0,0,no_clean_change_observed,Lower evaluator score / weaker planning,2.5,True,1.0986122886681096,6546.0,0.0
2026.1,TEAM_01,0,6546.0,100,100,available,Lower evaluator score / weaker planning,2.5,True,1.0986122886681096,6546.0,100.0
2025.2,TEAM_02,-6,1283.0,15,70,available,Lower evaluator score / weaker planning,1.75,False,0.0,45691.0,2.8079928213433716
2025.2,TEAM_02,-5,1283.0,15,70,available,Lower evaluator score / weaker planning,1.75,False,0.0,45691.0,2.8079928213433716
2025.2,TEAM_02,-4,2831.0,26,89,available,Lower evaluator score / weaker planning,1.75,False,0.0,45691.0,6.195968571491103
2025.2,TEAM_02,-3,3639.0,33,116,available,Lower evaluator score / weaker planning,1.75,False,0.0,45691.0,7.964369350637981
2025.2,TEAM_02,-2,4078.0,33,116,available,Lower evaluator score / weaker planning,1.75,False,0.0,45691.0,8.92517125911011
2025.2,TEAM_02,-1,7921.0,40,137,available,Lower evaluator score / weaker planning,1.75,False,0.0,45691.0,17.336018034186164
2025.2,TEAM_02,0,24656.0,134,298,available,Lower evaluator score / weaker planning,1.75,False,0.0,45691.0,53.9624871418879
2026.1,TEAM_02,-6,0.0,0,0,no_clean_change_observed,High evaluator score + good planning,2.4583333333333335,True,4.77912349311153,7717.0,0.0
2026.1,TEAM_02,-5,747.0,2,2,available,High evaluator score + good planning,2.4583333333333335,True,4.77912349311153,7717.0,9.679927432940262
2026.1,TEAM_02,-4,747.0,2,2,available,High evaluator score + good planning,2.4583333333333335,True,4.77912349311153,7717.0,9.679927432940262
2026.1,TEAM_02,-3,747.0,2,2,available,High evaluator score + good planning,2.4583333333333335,True,4.77912349311153,7717.0,9.679927432940262
2026.1,TEAM_02,-2,799.0,3,3,available,High evaluator score + good planning,2.4583333333333335,True,4.77912349311153,7717.0,10.353764416223921
2026.1,TEAM_02,-1,1639.0,9,12,available,High evaluator score + good planning,2.4583333333333335,True,4.77912349311153,7717.0,21.23882337695996
2026.1,TEAM_02,0,3038.0,20,39,available,High evaluator score + good planning,2.4583333333333335,True,4.77912349311153,7717.0,39.36762990799534
2025.2,TEAM_03,-6,0.0,0,0,no_clean_change_observed,Lower evaluator score / weaker planning,2.40625,False,0.0,15186.0,0.0
2025.2,TEAM_03,-5,0.0,0,0,no_clean_change_observed,Lower evaluator score / weaker planning,2.40625,False,0.0,15186.0,0.0
2025.2,TEAM_03,-4,0.0,0,0,no_clean_change_observed,Lower evaluator score / weaker planning,2.40625,False,0.0,15186.0,0.0
2025.2,TEAM_03,-3,0.0,0,0,no_clean_change_observed,Lower evaluator score / weaker planning,2.40625,False,0.0,15186.0,0.0
2025.2,TEAM_03,-2,0.0,0,0,no_clean_change_observed,Lower evaluator score / weaker planning,2.40625,False,0.0,15186.0,0.0
2025.2,TEAM_03,-1,0.0,0,0,no_clean_change_observed,Lower evaluator score / weaker planning,2.40625,False,0.0,15186.0,0.0
2025.2,TEAM_03,0,15186.0,112,146,available,Lower evaluator score / weaker planning,2.40625,False,0.0,15186.0,100.0
2026.1,TEAM_03,-6,0.0,0,0,no_clean_change_observed,High evaluator score + good planning,2.416666666666667,True,4.74493212836325,103.0,0.0
2026.1,TEAM_03,-5,0.0,0,0,no_clean_change_observed,High evaluator score + good planning,2.416666666666667,True,4.74493212836325,103.0,0.0
2026.1,TEAM_03,-4,0.0,0,0,no_clean_change_observed,High evaluator score + good planning,2.416666666666667,True,4.74493212836325,103.0,0.0
2026.1,TEAM_03,-3,0.0,0,0,no_clean_change_observed,High evaluator score + good planning,2.416666666666667,True,4.74493212836325,103.0,0.0
2026.1,TEAM_03,-2,0.0,0,0,no_clean_change_observed,High evaluator score + good planning,2.416666666666667,True,4.74493212836325,103.0,0.0
2026.1,TEAM_03,-1,0.0,0,0,no_clean_change_observed,High evaluator score + good planning,2.416666666666667,True,4.74493212836325,103.0,0.0
2026.1,TEAM_03,0,103.0,4,5,available,High evaluator score + good planning,2.416666666666667,True,4.74493212836325,103.0,100.0
2025.2,TEAM_04,-6,770.0,17,18,available,High evaluator score + good planning,2.4583333333333335,True,5.4510384535657,18029.0,4.270896888346552
2025.2,TEAM_04,-5,651.0,16,16,available,High evaluator score + good planning,2.4583333333333335,True,5.4510384535657,18029.0,3.6108491874202673
2025.2,TEAM_04,-4,651.0,16,16,available,High evaluator score + good planning,2.4583333333333335,True,5.4510384535657,18029.0,3.6108491874202673
2025.2,TEAM_04,-3,2046.0,30,34,available,High evaluator score + good planning,2.4583333333333335,True,5.4510384535657,18029.0,11.348383160463698
2025.2,TEAM_04,-2,1470.0,19,21,available,High evaluator score + good planning,2.4583333333333335,True,5.4510384535657,18029.0,8.153530423207055
2025.2,TEAM_04,-1,1470.0,19,21,available,High evaluator score + good planning,2.4583333333333335,True,5.4510384535657,18029.0,8.153530423207055
2025.2,TEAM_04,0,10971.0,94,106,available,High evaluator score + good planning,2.4583333333333335,True,5.4510384535657,18029.0,60.85196072993511
2026.1,TEAM_04,-6,0.0,0,0,no_clean_change_observed,Lower evaluator score / weaker planning,1.9583333333333333,True,4.382026634673881,54051.0,0.0
2026.1,TEAM_04,-5,0.0,0,0,no_clean_change_observed,Lower evaluator score / weaker planning,1.9583333333333333,True,4.382026634673881,54051.0,0.0
2026.1,TEAM_04,-4,5047.0,55,59,available,Lower evaluator score / weaker planning,1.9583333333333333,True,4.382026634673881,54051.0,9.337477567482562
2026.1,TEAM_04,-3,5047.0,55,59,available,Lower evaluator score / weaker planning,1.9583333333333333,True,4.382026634673881,54051.0,9.337477567482562
2026.1,TEAM_04,-2,5047.0,55,59,available,Lower evaluator score / weaker planning,1.9583333333333333,True,4.382026634673881,54051.0,9.337477567482562
2026.1,TEAM_04,-1,19441.0,151,245,available,Lower evaluator score / weaker planning,1.9583333333333333,True,4.382026634673881,54051.0,35.96788218534347
2026.1,TEAM_04,0,19469.0,151,246,available,Lower evaluator score / weaker planning,1.9583333333333333,True,4.382026634673881,54051.0,36.01968511220884
2025.2,TEAM_05,-6,0.0,0,0,no_clean_change_observed,Lower evaluator score / weaker planning,2.28125,False,0.0,2482.0,0.0
2025.2,TEAM_05,-5,0.0,0,0,no_clean_change_observed,Lower evaluator score / weaker planning,2.28125,False,0.0,2482.0,0.0
2025.2,TEAM_05,-4,0.0,0,0,no_clean_change_observed,Lower evaluator score / weaker planning,2.28125,False,0.0,2482.0,0.0
2025.2,TEAM_05,-3,0.0,0,0,no_clean_change_observed,Lower evaluator score / weaker planning,2.28125,False,0.0,2482.0,0.0
2025.2,TEAM_05,-2,0.0,0,0,no_clean_change_observed,Lower evaluator score / weaker planning,2.28125,False,0.0,2482.0,0.0
2025.2,TEAM_05,-1,0.0,0,0,no_clean_change_observed,Lower evaluator score / weaker planning,2.28125,False,0.0,2482.0,0.0
2025.2,TEAM_05,0,2482.0,28,28,available,Lower evaluator score / weaker planning,2.28125,False,0.0,2482.0,100.0
2026.1,TEAM_05,-6,1689.0,14,23,available,Lower evaluator score / weaker planning,2.291666666666667,True,5.407171771460119,12457.0,13.558641727542748
2026.1,TEAM_05,-5,1689.0,14,23,available,Lower evaluator score / weaker planning,2.291666666666667,True,5.407171771460119,12457.0,13.558641727542748
2026.1,TEAM_05,-4,1689.0,14,23,available,Lower evaluator score / weaker planning,2.291666666666667,True,5.407171771460119,12457.0,13.558641727542748
2026.1,TEAM_05,-3,1689.0,14,23,available,Lower evaluator score / weaker planning,2.291666666666667,True,5.407171771460119,12457.0,13.558641727542748
2026.1,TEAM_05,-2,1689.0,14,23,available,Lower evaluator score / weaker planning,2.291666666666667,True,5.407171771460119,12457.0,13.558641727542748
2026.1,TEAM_05,-1,1758.0,15,26,available,Lower evaluator score / weaker planning,2.291666666666667,True,5.407171771460119,12457.0,14.1125471622381
2026.1,TEAM_05,0,2254.0,18,31,available,Lower evaluator score / weaker planning,2.291666666666667,True,5.407171771460119,12457.0,18.094244200048166
2025.2,TEAM_07,-6,0.0,0,0,no_clean_change_observed,High evaluator score + good planning,2.5,True,2.4849066497880004,3078.0,0.0
2025.2,TEAM_07,-5,0.0,0,0,no_clean_change_observed,High evaluator score + good planning,2.5,True,2.4849066497880004,3078.0,0.0
2025.2,TEAM_07,-4,0.0,0,0,no_clean_change_observed,High evaluator score + good planning,2.5,True,2.4849066497880004,3078.0,0.0
2025.2,TEAM_07,-3,0.0,0,0,no_clean_change_observed,High evaluator score + good planning,2.5,True,2.4849066497880004,3078.0,0.0
2025.2,TEAM_07,-2,662.0,9,10,available,High evaluator score + good planning,2.5,True,2.4849066497880004,3078.0,21.507472384665366
2025.2,TEAM_07,-1,1208.0,21,27,available,High evaluator score + good planning,2.5,True,2.4849066497880004,3078.0,39.24626380766732
2025.2,TEAM_07,0,1208.0,21,27,available,High evaluator score + good planning,2.5,True,2.4849066497880004,3078.0,39.24626380766732
2025.2,TEAM_09,-6,0.0,0,0,no_clean_change_observed,Lower evaluator score / weaker planning,2.2083333333333335,True,1.0986122886681096,18925.0,0.0
2025.2,TEAM_09,-5,0.0,0,0,no_clean_change_observed,Lower evaluator score / weaker planning,2.2083333333333335,True,1.0986122886681096,18925.0,0.0
2025.2,TEAM_09,-4,0.0,0,0,no_clean_change_observed,Lower evaluator score / weaker planning,2.2083333333333335,True,1.0986122886681096,18925.0,0.0
2025.2,TEAM_09,-3,1522.0,5,12,available,Lower evaluator score / weaker planning,2.2083333333333335,True,1.0986122886681096,18925.0,8.04227212681638
2025.2,TEAM_09,-2,1522.0,5,12,available,Lower evaluator score / weaker planning,2.2083333333333335,True,1.0986122886681096,18925.0,8.04227212681638
2025.2,TEAM_09,-1,6337.0,62,88,available,Lower evaluator score / weaker planning,2.2083333333333335,True,1.0986122886681096,18925.0,33.48480845442536
2025.2,TEAM_09,0,9544.0,92,201,available,Lower evaluator score / weaker planning,2.2083333333333335,True,1.0986122886681096,18925.0,50.430647291941874
2025.2,TEAM_10,-6,0.0,0,0,no_clean_change_observed,Lower evaluator score / weaker planning,2.4375,False,0.0,4843.0,0.0
2025.2,TEAM_10,-5,601.0,4,4,available,Lower evaluator score / weaker planning,2.4375,False,0.0,4843.0,12.409663431757176
2025.2,TEAM_10,-4,601.0,4,4,available,Lower evaluator score / weaker planning,2.4375,False,0.0,4843.0,12.409663431757176
2025.2,TEAM_10,-3,601.0,4,4,available,Lower evaluator score / weaker planning,2.4375,False,0.0,4843.0,12.409663431757176
2025.2,TEAM_10,-2,601.0,4,4,available,Lower evaluator score / weaker planning,2.4375,False,0.0,4843.0,12.409663431757176
2025.2,TEAM_10,-1,601.0,4,4,available,Lower evaluator score / weaker planning,2.4375,False,0.0,4843.0,12.409663431757176
2025.2,TEAM_10,0,1838.0,14,18,available,Lower evaluator score / weaker planning,2.4375,False,0.0,4843.0,37.95168284121412
