Semestre,ID_Equipe,window_end_day,clean_churn_7d,unique_clean_file_n_7d,clean_file_event_n_7d,measurement_status
2026.1,TEAM_04,-63,0.0,0,0,no_clean_change_observed
2026.1,TEAM_04,-62,0.0,0,0,no_clean_change_observed
2026.1,TEAM_04,-61,0.0,0,0,no_clean_change_observed
2026.1,TEAM_04,-60,0.0,0,0,no_clean_change_observed
2026.1,TEAM_04,-59,0.0,0,0,no_clean_change_observed
2026.1,TEAM_04,-58,0.0,0,0,no_clean_change_observed
2026.1,TEAM_04,-57,0.0,0,0,no_clean_change_observed
2026.1,TEAM_04,-56,0.0,0,0,no_clean_change_observed
2026.1,TEAM_04,-55,0.0,0,0,no_clean_change_observed
2026.1,TEAM_04,-54,0.0,0,0,no_clean_change_observed
2026.1,TEAM_04,-53,0.0,0,0,no_clean_change_observed
2026.1,TEAM_04,-52,0.0,0,0,no_clean_change_observed
2026.1,TEAM_04,-51,0.0,0,0,no_clean_change_observed
2026.1,TEAM_04,-50,0.0,0,0,no_clean_change_observed
2026.1,TEAM_04,-49,0.0,0,0,no_clean_change_observed
2026.1,TEAM_04,-48,0.0,0,0,no_clean_change_observed
2026.1,TEAM_04,-47,0.0,0,0,no_clean_change_observed
2026.1,TEAM_04,-46,0.0,0,0,no_clean_change_observed
2026.1,TEAM_04,-45,0.0,0,0,no_clean_change_observed
2026.1,TEAM_04,-44,0.0,0,0,no_clean_change_observed
2026.1,TEAM_04,-43,0.0,0,0,no_clean_change_observed
2026.1,TEAM_04,-42,0.0,0,0,no_clean_change_observed
2026.1,TEAM_04,-41,0.0,0,0,no_clean_change_observed
2026.1,TEAM_04,-40,0.0,0,0,no_clean_change_observed
2026.1,TEAM_04,-39,0.0,0,0,no_clean_change_observed
2026.1,TEAM_04,-38,0.0,0,0,no_clean_change_observed
2026.1,TEAM_04,-37,0.0,0,0,no_clean_change_observed
2026.1,TEAM_04,-36,0.0,0,0,no_clean_change_observed
2026.1,TEAM_04,-35,0.0,0,0,no_clean_change_observed
2026.1,TEAM_04,-34,0.0,0,0,no_clean_change_observed
2026.1,TEAM_04,-33,0.0,0,0,no_clean_change_observed
2026.1,TEAM_04,-32,0.0,0,0,no_clean_change_observed
2026.1,TEAM_04,-31,0.0,0,0,no_clean_change_observed
2026.1,TEAM_04,-30,0.0,0,0,no_clean_change_observed
2026.1,TEAM_04,-29,0.0,0,0,no_clean_change_observed
2026.1,TEAM_04,-28,0.0,0,0,no_clean_change_observed
2026.1,TEAM_04,-27,0.0,0,0,no_clean_change_observed
2026.1,TEAM_04,-26,0.0,0,0,no_clean_change_observed
2026.1,TEAM_04,-25,0.0,0,0,no_clean_change_observed
2026.1,TEAM_04,-24,0.0,0,0,no_clean_change_observed
2026.1,TEAM_04,-23,0.0,0,0,no_clean_change_observed
2026.1,TEAM_04,-22,0.0,0,0,no_clean_change_observed
2026.1,TEAM_04,-21,0.0,0,0,no_clean_change_observed
2026.1,TEAM_04,-20,0.0,0,0,no_clean_change_observed
2026.1,TEAM_04,-19,0.0,0,0,no_clean_change_observed
2026.1,TEAM_04,-18,0.0,0,0,no_clean_change_observed
2026.1,TEAM_04,-17,0.0,0,0,no_clean_change_observed
2026.1,TEAM_04,-16,0.0,0,0,no_clean_change_observed
2026.1,TEAM_04,-15,0.0,0,0,no_clean_change_observed
2026.1,TEAM_04,-14,0.0,0,0,no_clean_change_observed
2026.1,TEAM_04,-13,0.0,0,0,no_clean_change_observed
2026.1,TEAM_04,-12,0.0,0,0,no_clean_change_observed
2026.1,TEAM_04,-11,0.0,0,0,no_clean_change_observed
2026.1,TEAM_04,-10,0.0,0,0,no_clean_change_observed
2026.1,TEAM_04,-9,0.0,0,0,no_clean_change_observed
2026.1,TEAM_04,-8,0.0,0,0,no_clean_change_observed
2026.1,TEAM_04,-7,0.0,0,0,no_clean_change_observed
2026.1,TEAM_04,-6,0.0,0,0,no_clean_change_observed
2026.1,TEAM_04,-5,0.0,0,0,no_clean_change_observed
2026.1,TEAM_04,-4,5047.0,55,59,available
2026.1,TEAM_04,-3,5047.0,55,59,available
2026.1,TEAM_04,-2,5047.0,55,59,available
2026.1,TEAM_04,-1,19441.0,151,245,available
2026.1,TEAM_04,0,19469.0,151,246,available
2026.1,TEAM_04,1,19469.0,151,246,available
2026.1,TEAM_04,2,19469.0,151,246,available
2026.1,TEAM_04,3,14422.0,122,187,available
2026.1,TEAM_04,4,14422.0,122,187,available
2026.1,TEAM_04,5,14422.0,122,187,available
2026.1,TEAM_04,6,28.0,1,1,available
2026.1,TEAM_04,7,0.0,0,0,no_clean_change_observed
2026.1,TEAM_05,-63,10814.0,82,147,available
2026.1,TEAM_05,-62,10792.0,82,146,available
2026.1,TEAM_05,-61,10118.0,66,101,available
2026.1,TEAM_05,-60,10118.0,66,101,available
2026.1,TEAM_05,-59,10118.0,66,101,available
2026.1,TEAM_05,-58,10118.0,66,101,available
2026.1,TEAM_05,-57,9534.0,66,93,available
2026.1,TEAM_05,-56,0.0,0,0,no_clean_change_observed
2026.1,TEAM_05,-55,0.0,0,0,no_clean_change_observed
2026.1,TEAM_05,-54,0.0,0,0,no_clean_change_observed
2026.1,TEAM_05,-53,0.0,0,0,no_clean_change_observed
2026.1,TEAM_05,-52,0.0,0,0,no_clean_change_observed
2026.1,TEAM_05,-51,0.0,0,0,no_clean_change_observed
2026.1,TEAM_05,-50,0.0,0,0,no_clean_change_observed
2026.1,TEAM_05,-49,564.0,21,29,available
2026.1,TEAM_05,-48,982.0,27,55,available
2026.1,TEAM_05,-47,1455.0,43,73,available
2026.1,TEAM_05,-46,1658.0,44,77,available
2026.1,TEAM_05,-45,1658.0,44,77,available
2026.1,TEAM_05,-44,1658.0,44,77,available
2026.1,TEAM_05,-43,1658.0,44,77,available
2026.1,TEAM_05,-42,1163.0,40,55,available
2026.1,TEAM_05,-41,1196.0,40,48,available
2026.1,TEAM_05,-40,723.0,27,30,available
2026.1,TEAM_05,-39,520.0,23,26,available
2026.1,TEAM_05,-38,520.0,23,26,available
2026.1,TEAM_05,-37,520.0,23,26,available
2026.1,TEAM_05,-36,520.0,23,26,available
2026.1,TEAM_05,-35,451.0,19,19,available
2026.1,TEAM_05,-34,0.0,0,0,no_clean_change_observed
2026.1,TEAM_05,-33,0.0,0,0,no_clean_change_observed
2026.1,TEAM_05,-32,0.0,0,0,no_clean_change_observed
2026.1,TEAM_05,-31,223.0,10,13,available
2026.1,TEAM_05,-30,338.0,14,18,available
2026.1,TEAM_05,-29,802.0,27,35,available
2026.1,TEAM_05,-28,3598.0,56,86,available
2026.1,TEAM_05,-27,3603.0,56,87,available
2026.1,TEAM_05,-26,3603.0,56,87,available
2026.1,TEAM_05,-25,3603.0,56,87,available
2026.1,TEAM_05,-24,3380.0,48,74,available
2026.1,TEAM_05,-23,3265.0,47,69,available
2026.1,TEAM_05,-22,2801.0,36,52,available
2026.1,TEAM_05,-21,542.0,16,19,available
2026.1,TEAM_05,-20,537.0,15,18,available
2026.1,TEAM_05,-19,1496.0,35,41,available
2026.1,TEAM_05,-18,2980.0,50,61,available
2026.1,TEAM_05,-17,3037.0,52,63,available
2026.1,TEAM_05,-16,3037.0,52,63,available
2026.1,TEAM_05,-15,3099.0,52,69,available
2026.1,TEAM_05,-14,2562.0,40,51,available
2026.1,TEAM_05,-13,2562.0,40,51,available
2026.1,TEAM_05,-12,1603.0,23,28,available
2026.1,TEAM_05,-11,119.0,7,8,available
2026.1,TEAM_05,-10,62.0,5,6,available
2026.1,TEAM_05,-9,62.0,5,6,available
2026.1,TEAM_05,-8,0.0,0,0,no_clean_change_observed
2026.1,TEAM_05,-7,115.0,9,9,available
2026.1,TEAM_05,-6,1689.0,14,23,available
2026.1,TEAM_05,-5,1689.0,14,23,available
2026.1,TEAM_05,-4,1689.0,14,23,available
2026.1,TEAM_05,-3,1689.0,14,23,available
2026.1,TEAM_05,-2,1689.0,14,23,available
2026.1,TEAM_05,-1,1758.0,15,26,available
2026.1,TEAM_05,0,2254.0,18,31,available
2026.1,TEAM_05,1,680.0,11,17,available
2026.1,TEAM_05,2,680.0,11,17,available
2026.1,TEAM_05,3,680.0,11,17,available
2026.1,TEAM_05,4,680.0,11,17,available
2026.1,TEAM_05,5,680.0,11,17,available
2026.1,TEAM_05,6,611.0,11,14,available
2026.1,TEAM_05,7,0.0,0,0,no_clean_change_observed
2026.1,TEAM_03,-63,1888.0,44,53,available
2026.1,TEAM_03,-62,1568.0,40,49,available
2026.1,TEAM_03,-61,501.0,23,28,available
2026.1,TEAM_03,-60,772.0,25,30,available
2026.1,TEAM_03,-59,1489.0,29,43,available
2026.1,TEAM_03,-58,988.0,12,15,available
2026.1,TEAM_03,-57,988.0,12,15,available
2026.1,TEAM_03,-56,1427.0,14,25,available
2026.1,TEAM_03,-55,1427.0,14,25,available
2026.1,TEAM_03,-54,1427.0,14,25,available
2026.1,TEAM_03,-53,1156.0,14,23,available
2026.1,TEAM_03,-52,439.0,7,10,available
2026.1,TEAM_03,-51,439.0,7,10,available
2026.1,TEAM_03,-50,439.0,7,10,available
2026.1,TEAM_03,-49,0.0,0,0,no_clean_change_observed
2026.1,TEAM_03,-48,0.0,0,0,no_clean_change_observed
2026.1,TEAM_03,-47,0.0,0,0,no_clean_change_observed
2026.1,TEAM_03,-46,0.0,0,0,no_clean_change_observed
2026.1,TEAM_03,-45,0.0,0,0,no_clean_change_observed
2026.1,TEAM_03,-44,0.0,0,0,no_clean_change_observed
2026.1,TEAM_03,-43,0.0,0,0,no_clean_change_observed
2026.1,TEAM_03,-42,0.0,0,0,no_clean_change_observed
2026.1,TEAM_03,-41,0.0,0,0,no_clean_change_observed
2026.1,TEAM_03,-40,0.0,0,0,no_clean_change_observed
2026.1,TEAM_03,-39,0.0,0,0,no_clean_change_observed
2026.1,TEAM_03,-38,31.0,4,4,available
2026.1,TEAM_03,-37,31.0,4,4,available
2026.1,TEAM_03,-36,31.0,4,4,available
2026.1,TEAM_03,-35,31.0,4,4,available
2026.1,TEAM_03,-34,31.0,4,4,available
2026.1,TEAM_03,-33,413.0,9,9,available
2026.1,TEAM_03,-32,1922.0,18,25,available
2026.1,TEAM_03,-31,1891.0,15,21,available
2026.1,TEAM_03,-30,2596.0,21,31,available
2026.1,TEAM_03,-29,2596.0,21,31,available
2026.1,TEAM_03,-28,2600.0,21,33,available
2026.1,TEAM_03,-27,2600.0,21,33,available
2026.1,TEAM_03,-26,2218.0,19,28,available
2026.1,TEAM_03,-25,802.0,11,16,available
2026.1,TEAM_03,-24,802.0,11,16,available
2026.1,TEAM_03,-23,97.0,4,6,available
2026.1,TEAM_03,-22,97.0,4,6,available
2026.1,TEAM_03,-21,93.0,4,4,available
2026.1,TEAM_03,-20,93.0,4,4,available
2026.1,TEAM_03,-19,93.0,4,4,available
2026.1,TEAM_03,-18,0.0,0,0,no_clean_change_observed
2026.1,TEAM_03,-17,0.0,0,0,no_clean_change_observed
2026.1,TEAM_03,-16,0.0,0,0,no_clean_change_observed
2026.1,TEAM_03,-15,0.0,0,0,no_clean_change_observed
2026.1,TEAM_03,-14,0.0,0,0,no_clean_change_observed
2026.1,TEAM_03,-13,0.0,0,0,no_clean_change_observed
2026.1,TEAM_03,-12,0.0,0,0,no_clean_change_observed
2026.1,TEAM_03,-11,0.0,0,0,no_clean_change_observed
2026.1,TEAM_03,-10,0.0,0,0,no_clean_change_observed
2026.1,TEAM_03,-9,0.0,0,0,no_clean_change_observed
2026.1,TEAM_03,-8,0.0,0,0,no_clean_change_observed
2026.1,TEAM_03,-7,0.0,0,0,no_clean_change_observed
2026.1,TEAM_03,-6,0.0,0,0,no_clean_change_observed
2026.1,TEAM_03,-5,0.0,0,0,no_clean_change_observed
2026.1,TEAM_03,-4,0.0,0,0,no_clean_change_observed
2026.1,TEAM_03,-3,0.0,0,0,no_clean_change_observed
2026.1,TEAM_03,-2,0.0,0,0,no_clean_change_observed
2026.1,TEAM_03,-1,0.0,0,0,no_clean_change_observed
2026.1,TEAM_03,0,103.0,4,5,available
2026.1,TEAM_03,1,103.0,4,5,available
2026.1,TEAM_03,2,103.0,4,5,available
2026.1,TEAM_03,3,103.0,4,5,available
2026.1,TEAM_03,4,103.0,4,5,available
2026.1,TEAM_03,5,103.0,4,5,available
2026.1,TEAM_03,6,103.0,4,5,available
2026.1,TEAM_03,7,0.0,0,0,no_clean_change_observed
2026.1,TEAM_01,-63,0.0,0,0,no_clean_change_observed
2026.1,TEAM_01,-62,0.0,0,0,no_clean_change_observed
2026.1,TEAM_01,-61,0.0,0,0,no_clean_change_observed
2026.1,TEAM_01,-60,0.0,0,0,no_clean_change_observed
2026.1,TEAM_01,-59,0.0,0,0,no_clean_change_observed
2026.1,TEAM_01,-58,0.0,0,0,no_clean_change_observed
2026.1,TEAM_01,-57,0.0,0,0,no_clean_change_observed
2026.1,TEAM_01,-56,0.0,0,0,no_clean_change_observed
2026.1,TEAM_01,-55,0.0,0,0,no_clean_change_observed
2026.1,TEAM_01,-54,0.0,0,0,no_clean_change_observed
2026.1,TEAM_01,-53,0.0,0,0,no_clean_change_observed
2026.1,TEAM_01,-52,0.0,0,0,no_clean_change_observed
2026.1,TEAM_01,-51,0.0,0,0,no_clean_change_observed
2026.1,TEAM_01,-50,0.0,0,0,no_clean_change_observed
2026.1,TEAM_01,-49,0.0,0,0,no_clean_change_observed
2026.1,TEAM_01,-48,0.0,0,0,no_clean_change_observed
2026.1,TEAM_01,-47,0.0,0,0,no_clean_change_observed
2026.1,TEAM_01,-46,0.0,0,0,no_clean_change_observed
2026.1,TEAM_01,-45,0.0,0,0,no_clean_change_observed
2026.1,TEAM_01,-44,0.0,0,0,no_clean_change_observed
2026.1,TEAM_01,-43,0.0,0,0,no_clean_change_observed
2026.1,TEAM_01,-42,0.0,0,0,no_clean_change_observed
2026.1,TEAM_01,-41,0.0,0,0,no_clean_change_observed
2026.1,TEAM_01,-40,0.0,0,0,no_clean_change_observed
2026.1,TEAM_01,-39,0.0,0,0,no_clean_change_observed
2026.1,TEAM_01,-38,0.0,0,0,no_clean_change_observed
2026.1,TEAM_01,-37,0.0,0,0,no_clean_change_observed
2026.1,TEAM_01,-36,0.0,0,0,no_clean_change_observed
2026.1,TEAM_01,-35,0.0,0,0,no_clean_change_observed
2026.1,TEAM_01,-34,0.0,0,0,no_clean_change_observed
2026.1,TEAM_01,-33,0.0,0,0,no_clean_change_observed
2026.1,TEAM_01,-32,0.0,0,0,no_clean_change_observed
2026.1,TEAM_01,-31,0.0,0,0,no_clean_change_observed
2026.1,TEAM_01,-30,0.0,0,0,no_clean_change_observed
2026.1,TEAM_01,-29,0.0,0,0,no_clean_change_observed
2026.1,TEAM_01,-28,4040.0,106,106,available
2026.1,TEAM_01,-27,4040.0,106,106,available
2026.1,TEAM_01,-26,4040.0,106,106,available
2026.1,TEAM_01,-25,4040.0,106,106,available
2026.1,TEAM_01,-24,4040.0,106,106,available
2026.1,TEAM_01,-23,4040.0,106,106,available
2026.1,TEAM_01,-22,4040.0,106,106,available
2026.1,TEAM_01,-21,0.0,0,0,no_clean_change_observed
2026.1,TEAM_01,-20,0.0,0,0,no_clean_change_observed
2026.1,TEAM_01,-19,0.0,0,0,no_clean_change_observed
2026.1,TEAM_01,-18,0.0,0,0,no_clean_change_observed
2026.1,TEAM_01,-17,0.0,0,0,no_clean_change_observed
2026.1,TEAM_01,-16,0.0,0,0,no_clean_change_observed
2026.1,TEAM_01,-15,0.0,0,0,no_clean_change_observed
2026.1,TEAM_01,-14,0.0,0,0,no_clean_change_observed
2026.1,TEAM_01,-13,0.0,0,0,no_clean_change_observed
2026.1,TEAM_01,-12,0.0,0,0,no_clean_change_observed
2026.1,TEAM_01,-11,0.0,0,0,no_clean_change_observed
2026.1,TEAM_01,-10,0.0,0,0,no_clean_change_observed
2026.1,TEAM_01,-9,0.0,0,0,no_clean_change_observed
2026.1,TEAM_01,-8,0.0,0,0,no_clean_change_observed
2026.1,TEAM_01,-7,0.0,0,0,no_clean_change_observed
2026.1,TEAM_01,-6,0.0,0,0,no_clean_change_observed
2026.1,TEAM_01,-5,0.0,0,0,no_clean_change_observed
2026.1,TEAM_01,-4,0.0,0,0,no_clean_change_observed
2026.1,TEAM_01,-3,0.0,0,0,no_clean_change_observed
2026.1,TEAM_01,-2,0.0,0,0,no_clean_change_observed
2026.1,TEAM_01,-1,0.0,0,0,no_clean_change_observed
2026.1,TEAM_01,0,6546.0,100,100,available
2026.1,TEAM_01,1,6546.0,100,100,available
2026.1,TEAM_01,2,6546.0,100,100,available
2026.1,TEAM_01,3,6546.0,100,100,available
2026.1,TEAM_01,4,6546.0,100,100,available
2026.1,TEAM_01,5,6546.0,100,100,available
2026.1,TEAM_01,6,6546.0,100,100,available
2026.1,TEAM_01,7,0.0,0,0,no_clean_change_observed
2026.1,TEAM_02,-63,0.0,0,0,no_clean_change_observed
2026.1,TEAM_02,-62,0.0,0,0,no_clean_change_observed
2026.1,TEAM_02,-61,0.0,0,0,no_clean_change_observed
2026.1,TEAM_02,-60,0.0,0,0,no_clean_change_observed
2026.1,TEAM_02,-59,0.0,0,0,no_clean_change_observed
2026.1,TEAM_02,-58,0.0,0,0,no_clean_change_observed
2026.1,TEAM_02,-57,0.0,0,0,no_clean_change_observed
2026.1,TEAM_02,-56,0.0,0,0,no_clean_change_observed
2026.1,TEAM_02,-55,0.0,0,0,no_clean_change_observed
2026.1,TEAM_02,-54,0.0,0,0,no_clean_change_observed
2026.1,TEAM_02,-53,0.0,0,0,no_clean_change_observed
2026.1,TEAM_02,-52,0.0,0,0,no_clean_change_observed
2026.1,TEAM_02,-51,0.0,0,0,no_clean_change_observed
2026.1,TEAM_02,-50,0.0,0,0,no_clean_change_observed
2026.1,TEAM_02,-49,0.0,0,0,no_clean_change_observed
2026.1,TEAM_02,-48,0.0,0,0,no_clean_change_observed
2026.1,TEAM_02,-47,0.0,0,0,no_clean_change_observed
2026.1,TEAM_02,-46,0.0,0,0,no_clean_change_observed
2026.1,TEAM_02,-45,0.0,0,0,no_clean_change_observed
2026.1,TEAM_02,-44,0.0,0,0,no_clean_change_observed
2026.1,TEAM_02,-43,0.0,0,0,no_clean_change_observed
2026.1,TEAM_02,-42,792.0,19,19,available
2026.1,TEAM_02,-41,792.0,19,19,available
2026.1,TEAM_02,-40,961.0,19,20,available
2026.1,TEAM_02,-39,961.0,19,20,available
2026.1,TEAM_02,-38,961.0,19,20,available
2026.1,TEAM_02,-37,961.0,19,20,available
2026.1,TEAM_02,-36,961.0,19,20,available
2026.1,TEAM_02,-35,169.0,1,1,available
2026.1,TEAM_02,-34,1644.0,12,17,available
2026.1,TEAM_02,-33,1475.0,12,16,available
2026.1,TEAM_02,-32,1475.0,12,16,available
2026.1,TEAM_02,-31,1910.0,16,20,available
2026.1,TEAM_02,-30,1910.0,16,20,available
2026.1,TEAM_02,-29,2036.0,19,23,available
2026.1,TEAM_02,-28,2701.0,23,39,available
2026.1,TEAM_02,-27,1226.0,16,23,available
2026.1,TEAM_02,-26,1226.0,16,23,available
2026.1,TEAM_02,-25,1226.0,16,23,available
2026.1,TEAM_02,-24,791.0,16,19,available
2026.1,TEAM_02,-23,2597.0,21,40,available
2026.1,TEAM_02,-22,2473.0,21,38,available
2026.1,TEAM_02,-21,1862.0,14,23,available
2026.1,TEAM_02,-20,1938.0,14,25,available
2026.1,TEAM_02,-19,3924.0,27,48,available
2026.1,TEAM_02,-18,3986.0,28,50,available
2026.1,TEAM_02,-17,3986.0,28,50,available
2026.1,TEAM_02,-16,2180.0,23,29,available
2026.1,TEAM_02,-15,2178.0,23,28,available
2026.1,TEAM_02,-14,2124.0,23,27,available
2026.1,TEAM_02,-13,2577.0,24,26,available
2026.1,TEAM_02,-12,591.0,3,3,available
2026.1,TEAM_02,-11,529.0,1,1,available
2026.1,TEAM_02,-10,529.0,1,1,available
2026.1,TEAM_02,-9,529.0,1,1,available
2026.1,TEAM_02,-8,529.0,1,1,available
2026.1,TEAM_02,-7,529.0,1,1,available
2026.1,TEAM_02,-6,0.0,0,0,no_clean_change_observed
2026.1,TEAM_02,-5,747.0,2,2,available
2026.1,TEAM_02,-4,747.0,2,2,available
2026.1,TEAM_02,-3,747.0,2,2,available
2026.1,TEAM_02,-2,799.0,3,3,available
2026.1,TEAM_02,-1,1639.0,9,12,available
2026.1,TEAM_02,0,3038.0,20,39,available
2026.1,TEAM_02,1,3038.0,20,39,available
2026.1,TEAM_02,2,2291.0,20,37,available
2026.1,TEAM_02,3,2291.0,20,37,available
2026.1,TEAM_02,4,2291.0,20,37,available
2026.1,TEAM_02,5,2239.0,20,36,available
2026.1,TEAM_02,6,1399.0,15,27,available
2026.1,TEAM_02,7,0.0,0,0,no_clean_change_observed
2025.2,TEAM_04,-63,0.0,0,0,no_clean_change_observed
2025.2,TEAM_04,-62,0.0,0,0,no_clean_change_observed
2025.2,TEAM_04,-61,0.0,0,0,no_clean_change_observed
2025.2,TEAM_04,-60,0.0,0,0,no_clean_change_observed
2025.2,TEAM_04,-59,0.0,0,0,no_clean_change_observed
2025.2,TEAM_04,-58,0.0,0,0,no_clean_change_observed
2025.2,TEAM_04,-57,0.0,0,0,no_clean_change_observed
2025.2,TEAM_04,-56,0.0,0,0,no_clean_change_observed
2025.2,TEAM_04,-55,0.0,0,0,no_clean_change_observed
2025.2,TEAM_04,-54,0.0,0,0,no_clean_change_observed
2025.2,TEAM_04,-53,0.0,0,0,no_clean_change_observed
2025.2,TEAM_04,-52,0.0,0,0,no_clean_change_observed
2025.2,TEAM_04,-51,133.0,1,1,available
2025.2,TEAM_04,-50,133.0,1,1,available
2025.2,TEAM_04,-49,133.0,1,1,available
2025.2,TEAM_04,-48,133.0,1,1,available
2025.2,TEAM_04,-47,133.0,1,1,available
2025.2,TEAM_04,-46,1203.0,5,13,available
2025.2,TEAM_04,-45,1203.0,5,13,available
2025.2,TEAM_04,-44,1070.0,5,12,available
2025.2,TEAM_04,-43,1070.0,5,12,available
2025.2,TEAM_04,-42,1070.0,5,12,available
2025.2,TEAM_04,-41,1070.0,5,12,available
2025.2,TEAM_04,-40,1070.0,5,12,available
2025.2,TEAM_04,-39,0.0,0,0,no_clean_change_observed
2025.2,TEAM_04,-38,231.0,1,1,available
2025.2,TEAM_04,-37,231.0,1,1,available
2025.2,TEAM_04,-36,231.0,1,1,available
2025.2,TEAM_04,-35,231.0,1,1,available
2025.2,TEAM_04,-34,231.0,1,1,available
2025.2,TEAM_04,-33,231.0,1,1,available
2025.2,TEAM_04,-32,779.0,2,2,available
2025.2,TEAM_04,-31,548.0,1,1,available
2025.2,TEAM_04,-30,548.0,1,1,available
2025.2,TEAM_04,-29,548.0,1,1,available
2025.2,TEAM_04,-28,548.0,1,1,available
2025.2,TEAM_04,-27,548.0,1,1,available
2025.2,TEAM_04,-26,548.0,1,1,available
2025.2,TEAM_04,-25,3050.0,38,56,available
2025.2,TEAM_04,-24,3050.0,38,56,available
2025.2,TEAM_04,-23,3050.0,38,56,available
2025.2,TEAM_04,-22,3050.0,41,59,available
2025.2,TEAM_04,-21,3050.0,41,59,available
2025.2,TEAM_04,-20,3050.0,41,59,available
2025.2,TEAM_04,-19,3926.0,47,67,available
2025.2,TEAM_04,-18,876.0,10,11,available
2025.2,TEAM_04,-17,876.0,10,11,available
2025.2,TEAM_04,-16,876.0,10,11,available
2025.2,TEAM_04,-15,876.0,8,8,available
2025.2,TEAM_04,-14,876.0,8,8,available
2025.2,TEAM_04,-13,876.0,8,8,available
2025.2,TEAM_04,-12,119.0,2,2,available
2025.2,TEAM_04,-11,119.0,2,2,available
2025.2,TEAM_04,-10,119.0,2,2,available
2025.2,TEAM_04,-9,770.0,17,18,available
2025.2,TEAM_04,-8,770.0,17,18,available
2025.2,TEAM_04,-7,770.0,17,18,available
2025.2,TEAM_04,-6,770.0,17,18,available
2025.2,TEAM_04,-5,651.0,16,16,available
2025.2,TEAM_04,-4,651.0,16,16,available
2025.2,TEAM_04,-3,2046.0,30,34,available
2025.2,TEAM_04,-2,1470.0,19,21,available
2025.2,TEAM_04,-1,1470.0,19,21,available
2025.2,TEAM_04,0,10971.0,94,106,available
2025.2,TEAM_04,1,10971.0,94,106,available
2025.2,TEAM_04,2,10971.0,94,106,available
2025.2,TEAM_04,3,10971.0,94,106,available
2025.2,TEAM_04,4,9578.0,82,89,available
2025.2,TEAM_04,5,9503.0,82,86,available
2025.2,TEAM_04,6,9541.0,83,91,available
2025.2,TEAM_04,7,40.0,3,6,available
2025.2,TEAM_03,-63,0.0,0,0,no_clean_change_observed
2025.2,TEAM_03,-62,0.0,0,0,no_clean_change_observed
2025.2,TEAM_03,-61,0.0,0,0,no_clean_change_observed
2025.2,TEAM_03,-60,0.0,0,0,no_clean_change_observed
2025.2,TEAM_03,-59,0.0,0,0,no_clean_change_observed
2025.2,TEAM_03,-58,0.0,0,0,no_clean_change_observed
2025.2,TEAM_03,-57,0.0,0,0,no_clean_change_observed
2025.2,TEAM_03,-56,0.0,0,0,no_clean_change_observed
2025.2,TEAM_03,-55,0.0,0,0,no_clean_change_observed
2025.2,TEAM_03,-54,0.0,0,0,no_clean_change_observed
2025.2,TEAM_03,-53,0.0,0,0,no_clean_change_observed
2025.2,TEAM_03,-52,0.0,0,0,no_clean_change_observed
2025.2,TEAM_03,-51,0.0,0,0,no_clean_change_observed
2025.2,TEAM_03,-50,0.0,0,0,no_clean_change_observed
2025.2,TEAM_03,-49,0.0,0,0,no_clean_change_observed
2025.2,TEAM_03,-48,0.0,0,0,no_clean_change_observed
2025.2,TEAM_03,-47,0.0,0,0,no_clean_change_observed
2025.2,TEAM_03,-46,0.0,0,0,no_clean_change_observed
2025.2,TEAM_03,-45,0.0,0,0,no_clean_change_observed
2025.2,TEAM_03,-44,0.0,0,0,no_clean_change_observed
2025.2,TEAM_03,-43,0.0,0,0,no_clean_change_observed
2025.2,TEAM_03,-42,0.0,0,0,no_clean_change_observed
2025.2,TEAM_03,-41,0.0,0,0,no_clean_change_observed
2025.2,TEAM_03,-40,0.0,0,0,no_clean_change_observed
2025.2,TEAM_03,-39,0.0,0,0,no_clean_change_observed
2025.2,TEAM_03,-38,0.0,0,0,no_clean_change_observed
2025.2,TEAM_03,-37,0.0,0,0,no_clean_change_observed
2025.2,TEAM_03,-36,0.0,0,0,no_clean_change_observed
2025.2,TEAM_03,-35,0.0,0,0,no_clean_change_observed
2025.2,TEAM_03,-34,0.0,0,0,no_clean_change_observed
2025.2,TEAM_03,-33,0.0,0,0,no_clean_change_observed
2025.2,TEAM_03,-32,0.0,0,0,no_clean_change_observed
2025.2,TEAM_03,-31,0.0,0,0,no_clean_change_observed
2025.2,TEAM_03,-30,0.0,0,0,no_clean_change_observed
2025.2,TEAM_03,-29,0.0,0,0,no_clean_change_observed
2025.2,TEAM_03,-28,0.0,0,0,no_clean_change_observed
2025.2,TEAM_03,-27,0.0,0,0,no_clean_change_observed
2025.2,TEAM_03,-26,0.0,0,0,no_clean_change_observed
2025.2,TEAM_03,-25,0.0,0,0,no_clean_change_observed
2025.2,TEAM_03,-24,0.0,0,0,no_clean_change_observed
2025.2,TEAM_03,-23,0.0,0,0,no_clean_change_observed
2025.2,TEAM_03,-22,0.0,0,0,no_clean_change_observed
2025.2,TEAM_03,-21,0.0,0,0,no_clean_change_observed
2025.2,TEAM_03,-20,0.0,0,0,no_clean_change_observed
2025.2,TEAM_03,-19,0.0,0,0,no_clean_change_observed
2025.2,TEAM_03,-18,0.0,0,0,no_clean_change_observed
2025.2,TEAM_03,-17,0.0,0,0,no_clean_change_observed
2025.2,TEAM_03,-16,0.0,0,0,no_clean_change_observed
2025.2,TEAM_03,-15,0.0,0,0,no_clean_change_observed
2025.2,TEAM_03,-14,0.0,0,0,no_clean_change_observed
2025.2,TEAM_03,-13,0.0,0,0,no_clean_change_observed
2025.2,TEAM_03,-12,0.0,0,0,no_clean_change_observed
2025.2,TEAM_03,-11,0.0,0,0,no_clean_change_observed
2025.2,TEAM_03,-10,0.0,0,0,no_clean_change_observed
2025.2,TEAM_03,-9,0.0,0,0,no_clean_change_observed
2025.2,TEAM_03,-8,0.0,0,0,no_clean_change_observed
2025.2,TEAM_03,-7,0.0,0,0,no_clean_change_observed
2025.2,TEAM_03,-6,0.0,0,0,no_clean_change_observed
2025.2,TEAM_03,-5,0.0,0,0,no_clean_change_observed
2025.2,TEAM_03,-4,0.0,0,0,no_clean_change_observed
2025.2,TEAM_03,-3,0.0,0,0,no_clean_change_observed
2025.2,TEAM_03,-2,0.0,0,0,no_clean_change_observed
2025.2,TEAM_03,-1,0.0,0,0,no_clean_change_observed
2025.2,TEAM_03,0,15186.0,112,146,available
2025.2,TEAM_03,1,15186.0,112,146,available
2025.2,TEAM_03,2,15186.0,112,146,available
2025.2,TEAM_03,3,15186.0,112,146,available
2025.2,TEAM_03,4,15186.0,112,146,available
2025.2,TEAM_03,5,15186.0,112,146,available
2025.2,TEAM_03,6,15186.0,112,146,available
2025.2,TEAM_03,7,0.0,0,0,no_clean_change_observed
2025.2,TEAM_01,-63,0.0,0,0,no_clean_change_observed
2025.2,TEAM_01,-62,0.0,0,0,no_clean_change_observed
2025.2,TEAM_01,-61,0.0,0,0,no_clean_change_observed
2025.2,TEAM_01,-60,0.0,0,0,no_clean_change_observed
2025.2,TEAM_01,-59,0.0,0,0,no_clean_change_observed
2025.2,TEAM_01,-58,0.0,0,0,no_clean_change_observed
2025.2,TEAM_01,-57,0.0,0,0,no_clean_change_observed
2025.2,TEAM_01,-56,0.0,0,0,no_clean_change_observed
2025.2,TEAM_01,-55,0.0,0,0,no_clean_change_observed
2025.2,TEAM_01,-54,0.0,0,0,no_clean_change_observed
2025.2,TEAM_01,-53,0.0,0,0,no_clean_change_observed
2025.2,TEAM_01,-52,0.0,0,0,no_clean_change_observed
2025.2,TEAM_01,-51,0.0,0,0,no_clean_change_observed
2025.2,TEAM_01,-50,0.0,0,0,no_clean_change_observed
2025.2,TEAM_01,-49,0.0,0,0,no_clean_change_observed
2025.2,TEAM_01,-48,0.0,0,0,no_clean_change_observed
2025.2,TEAM_01,-47,0.0,0,0,no_clean_change_observed
2025.2,TEAM_01,-46,0.0,0,0,no_clean_change_observed
2025.2,TEAM_01,-45,0.0,0,0,no_clean_change_observed
2025.2,TEAM_01,-44,0.0,0,0,no_clean_change_observed
2025.2,TEAM_01,-43,0.0,0,0,no_clean_change_observed
2025.2,TEAM_01,-42,0.0,0,0,no_clean_change_observed
2025.2,TEAM_01,-41,0.0,0,0,no_clean_change_observed
2025.2,TEAM_01,-40,0.0,0,0,no_clean_change_observed
2025.2,TEAM_01,-39,0.0,0,0,no_clean_change_observed
2025.2,TEAM_01,-38,0.0,0,0,no_clean_change_observed
2025.2,TEAM_01,-37,0.0,0,0,no_clean_change_observed
2025.2,TEAM_01,-36,0.0,0,0,no_clean_change_observed
2025.2,TEAM_01,-35,0.0,0,0,no_clean_change_observed
2025.2,TEAM_01,-34,0.0,0,0,no_clean_change_observed
2025.2,TEAM_01,-33,0.0,0,0,no_clean_change_observed
2025.2,TEAM_01,-32,0.0,0,0,no_clean_change_observed
2025.2,TEAM_01,-31,0.0,0,0,no_clean_change_observed
2025.2,TEAM_01,-30,0.0,0,0,no_clean_change_observed
2025.2,TEAM_01,-29,0.0,0,0,no_clean_change_observed
2025.2,TEAM_01,-28,0.0,0,0,no_clean_change_observed
2025.2,TEAM_01,-27,0.0,0,0,no_clean_change_observed
2025.2,TEAM_01,-26,0.0,0,0,no_clean_change_observed
2025.2,TEAM_01,-25,0.0,0,0,no_clean_change_observed
2025.2,TEAM_01,-24,0.0,0,0,no_clean_change_observed
2025.2,TEAM_01,-23,0.0,0,0,no_clean_change_observed
2025.2,TEAM_01,-22,0.0,0,0,no_clean_change_observed
2025.2,TEAM_01,-21,376.0,4,4,available
2025.2,TEAM_01,-20,376.0,4,4,available
2025.2,TEAM_01,-19,376.0,4,4,available
2025.2,TEAM_01,-18,376.0,4,4,available
2025.2,TEAM_01,-17,376.0,4,4,available
2025.2,TEAM_01,-16,376.0,4,4,available
2025.2,TEAM_01,-15,376.0,4,4,available
2025.2,TEAM_01,-14,0.0,0,0,no_clean_change_observed
2025.2,TEAM_01,-13,0.0,0,0,no_clean_change_observed
2025.2,TEAM_01,-12,0.0,0,0,no_clean_change_observed
2025.2,TEAM_01,-11,0.0,0,0,no_clean_change_observed
2025.2,TEAM_01,-10,0.0,0,0,no_clean_change_observed
2025.2,TEAM_01,-9,0.0,0,0,no_clean_change_observed
2025.2,TEAM_01,-8,0.0,0,0,no_clean_change_observed
2025.2,TEAM_01,-7,0.0,0,0,no_clean_change_observed
2025.2,TEAM_01,-6,0.0,0,0,no_clean_change_observed
2025.2,TEAM_01,-5,0.0,0,0,no_clean_change_observed
2025.2,TEAM_01,-4,0.0,0,0,no_clean_change_observed
2025.2,TEAM_01,-3,0.0,0,0,no_clean_change_observed
2025.2,TEAM_01,-2,0.0,0,0,no_clean_change_observed
2025.2,TEAM_01,-1,956.0,16,22,available
2025.2,TEAM_01,0,1337.0,20,30,available
2025.2,TEAM_01,1,1337.0,20,30,available
2025.2,TEAM_01,2,1337.0,20,30,available
2025.2,TEAM_01,3,1337.0,20,30,available
2025.2,TEAM_01,4,1337.0,20,30,available
2025.2,TEAM_01,5,1337.0,20,30,available
2025.2,TEAM_01,6,381.0,7,8,available
2025.2,TEAM_01,7,0.0,0,0,no_clean_change_observed
2025.2,TEAM_05,-63,0.0,0,0,no_clean_change_observed
2025.2,TEAM_05,-62,0.0,0,0,no_clean_change_observed
2025.2,TEAM_05,-61,0.0,0,0,no_clean_change_observed
2025.2,TEAM_05,-60,0.0,0,0,no_clean_change_observed
2025.2,TEAM_05,-59,0.0,0,0,no_clean_change_observed
2025.2,TEAM_05,-58,0.0,0,0,no_clean_change_observed
2025.2,TEAM_05,-57,0.0,0,0,no_clean_change_observed
2025.2,TEAM_05,-56,0.0,0,0,no_clean_change_observed
2025.2,TEAM_05,-55,0.0,0,0,no_clean_change_observed
2025.2,TEAM_05,-54,0.0,0,0,no_clean_change_observed
2025.2,TEAM_05,-53,0.0,0,0,no_clean_change_observed
2025.2,TEAM_05,-52,0.0,0,0,no_clean_change_observed
2025.2,TEAM_05,-51,0.0,0,0,no_clean_change_observed
2025.2,TEAM_05,-50,0.0,0,0,no_clean_change_observed
2025.2,TEAM_05,-49,0.0,0,0,no_clean_change_observed
2025.2,TEAM_05,-48,0.0,0,0,no_clean_change_observed
2025.2,TEAM_05,-47,0.0,0,0,no_clean_change_observed
2025.2,TEAM_05,-46,0.0,0,0,no_clean_change_observed
2025.2,TEAM_05,-45,0.0,0,0,no_clean_change_observed
2025.2,TEAM_05,-44,0.0,0,0,no_clean_change_observed
2025.2,TEAM_05,-43,0.0,0,0,no_clean_change_observed
2025.2,TEAM_05,-42,0.0,0,0,no_clean_change_observed
2025.2,TEAM_05,-41,0.0,0,0,no_clean_change_observed
2025.2,TEAM_05,-40,0.0,0,0,no_clean_change_observed
2025.2,TEAM_05,-39,0.0,0,0,no_clean_change_observed
2025.2,TEAM_05,-38,0.0,0,0,no_clean_change_observed
2025.2,TEAM_05,-37,0.0,0,0,no_clean_change_observed
2025.2,TEAM_05,-36,0.0,0,0,no_clean_change_observed
2025.2,TEAM_05,-35,0.0,0,0,no_clean_change_observed
2025.2,TEAM_05,-34,0.0,0,0,no_clean_change_observed
2025.2,TEAM_05,-33,0.0,0,0,no_clean_change_observed
2025.2,TEAM_05,-32,0.0,0,0,no_clean_change_observed
2025.2,TEAM_05,-31,0.0,0,0,no_clean_change_observed
2025.2,TEAM_05,-30,0.0,0,0,no_clean_change_observed
2025.2,TEAM_05,-29,0.0,0,0,no_clean_change_observed
2025.2,TEAM_05,-28,0.0,0,0,no_clean_change_observed
2025.2,TEAM_05,-27,0.0,0,0,no_clean_change_observed
2025.2,TEAM_05,-26,0.0,0,0,no_clean_change_observed
2025.2,TEAM_05,-25,0.0,0,0,no_clean_change_observed
2025.2,TEAM_05,-24,0.0,0,0,no_clean_change_observed
2025.2,TEAM_05,-23,0.0,0,0,no_clean_change_observed
2025.2,TEAM_05,-22,0.0,0,0,no_clean_change_observed
2025.2,TEAM_05,-21,0.0,0,0,no_clean_change_observed
2025.2,TEAM_05,-20,0.0,0,0,no_clean_change_observed
2025.2,TEAM_05,-19,0.0,0,0,no_clean_change_observed
2025.2,TEAM_05,-18,0.0,0,0,no_clean_change_observed
2025.2,TEAM_05,-17,0.0,0,0,no_clean_change_observed
2025.2,TEAM_05,-16,0.0,0,0,no_clean_change_observed
2025.2,TEAM_05,-15,0.0,0,0,no_clean_change_observed
2025.2,TEAM_05,-14,0.0,0,0,no_clean_change_observed
2025.2,TEAM_05,-13,0.0,0,0,no_clean_change_observed
2025.2,TEAM_05,-12,0.0,0,0,no_clean_change_observed
2025.2,TEAM_05,-11,0.0,0,0,no_clean_change_observed
2025.2,TEAM_05,-10,0.0,0,0,no_clean_change_observed
2025.2,TEAM_05,-9,0.0,0,0,no_clean_change_observed
2025.2,TEAM_05,-8,0.0,0,0,no_clean_change_observed
2025.2,TEAM_05,-7,0.0,0,0,no_clean_change_observed
2025.2,TEAM_05,-6,0.0,0,0,no_clean_change_observed
2025.2,TEAM_05,-5,0.0,0,0,no_clean_change_observed
2025.2,TEAM_05,-4,0.0,0,0,no_clean_change_observed
2025.2,TEAM_05,-3,0.0,0,0,no_clean_change_observed
2025.2,TEAM_05,-2,0.0,0,0,no_clean_change_observed
2025.2,TEAM_05,-1,0.0,0,0,no_clean_change_observed
2025.2,TEAM_05,0,2482.0,28,28,available
2025.2,TEAM_05,1,2482.0,28,28,available
2025.2,TEAM_05,2,2482.0,28,28,available
2025.2,TEAM_05,3,2482.0,28,28,available
2025.2,TEAM_05,4,2482.0,28,28,available
2025.2,TEAM_05,5,2482.0,28,28,available
2025.2,TEAM_05,6,2482.0,28,28,available
2025.2,TEAM_05,7,0.0,0,0,no_clean_change_observed
2025.2,TEAM_07,-63,0.0,0,0,no_clean_change_observed
2025.2,TEAM_07,-62,0.0,0,0,no_clean_change_observed
2025.2,TEAM_07,-61,0.0,0,0,no_clean_change_observed
2025.2,TEAM_07,-60,0.0,0,0,no_clean_change_observed
2025.2,TEAM_07,-59,162.0,4,4,available
2025.2,TEAM_07,-58,2118.0,12,21,available
2025.2,TEAM_07,-57,2118.0,12,21,available
2025.2,TEAM_07,-56,2118.0,12,21,available
2025.2,TEAM_07,-55,2296.0,12,27,available
2025.2,TEAM_07,-54,2296.0,12,27,available
2025.2,TEAM_07,-53,2296.0,12,27,available
2025.2,TEAM_07,-52,3484.0,15,44,available
2025.2,TEAM_07,-51,10566.0,98,123,available
2025.2,TEAM_07,-50,10566.0,98,123,available
2025.2,TEAM_07,-49,10724.0,98,124,available
2025.2,TEAM_07,-48,10546.0,97,118,available
2025.2,TEAM_07,-47,10546.0,97,118,available
2025.2,TEAM_07,-46,10546.0,97,118,available
2025.2,TEAM_07,-45,9196.0,89,97,available
2025.2,TEAM_07,-44,158.0,1,1,available
2025.2,TEAM_07,-43,158.0,1,1,available
2025.2,TEAM_07,-42,0.0,0,0,no_clean_change_observed
2025.2,TEAM_07,-41,0.0,0,0,no_clean_change_observed
2025.2,TEAM_07,-40,0.0,0,0,no_clean_change_observed
2025.2,TEAM_07,-39,0.0,0,0,no_clean_change_observed
2025.2,TEAM_07,-38,0.0,0,0,no_clean_change_observed
2025.2,TEAM_07,-37,0.0,0,0,no_clean_change_observed
2025.2,TEAM_07,-36,0.0,0,0,no_clean_change_observed
2025.2,TEAM_07,-35,0.0,0,0,no_clean_change_observed
2025.2,TEAM_07,-34,0.0,0,0,no_clean_change_observed
2025.2,TEAM_07,-33,0.0,0,0,no_clean_change_observed
2025.2,TEAM_07,-32,0.0,0,0,no_clean_change_observed
2025.2,TEAM_07,-31,0.0,0,0,no_clean_change_observed
2025.2,TEAM_07,-30,0.0,0,0,no_clean_change_observed
2025.2,TEAM_07,-29,0.0,0,0,no_clean_change_observed
2025.2,TEAM_07,-28,0.0,0,0,no_clean_change_observed
2025.2,TEAM_07,-27,680.0,74,75,available
2025.2,TEAM_07,-26,993.0,75,81,available
2025.2,TEAM_07,-25,993.0,75,81,available
2025.2,TEAM_07,-24,2133.0,83,95,available
2025.2,TEAM_07,-23,3275.0,87,105,available
2025.2,TEAM_07,-22,3752.0,87,110,available
2025.2,TEAM_07,-21,4629.0,89,125,available
2025.2,TEAM_07,-20,3949.0,24,50,available
2025.2,TEAM_07,-19,3636.0,22,44,available
2025.2,TEAM_07,-18,3636.0,22,44,available
2025.2,TEAM_07,-17,2496.0,15,30,available
2025.2,TEAM_07,-16,1354.0,9,20,available
2025.2,TEAM_07,-15,877.0,7,15,available
2025.2,TEAM_07,-14,0.0,0,0,no_clean_change_observed
2025.2,TEAM_07,-13,0.0,0,0,no_clean_change_observed
2025.2,TEAM_07,-12,0.0,0,0,no_clean_change_observed
2025.2,TEAM_07,-11,0.0,0,0,no_clean_change_observed
2025.2,TEAM_07,-10,0.0,0,0,no_clean_change_observed
2025.2,TEAM_07,-9,0.0,0,0,no_clean_change_observed
2025.2,TEAM_07,-8,0.0,0,0,no_clean_change_observed
2025.2,TEAM_07,-7,0.0,0,0,no_clean_change_observed
2025.2,TEAM_07,-6,0.0,0,0,no_clean_change_observed
2025.2,TEAM_07,-5,0.0,0,0,no_clean_change_observed
2025.2,TEAM_07,-4,0.0,0,0,no_clean_change_observed
2025.2,TEAM_07,-3,0.0,0,0,no_clean_change_observed
2025.2,TEAM_07,-2,662.0,9,10,available
2025.2,TEAM_07,-1,1208.0,21,27,available
2025.2,TEAM_07,0,1208.0,21,27,available
2025.2,TEAM_07,1,1208.0,21,27,available
2025.2,TEAM_07,2,1208.0,21,27,available
2025.2,TEAM_07,3,1208.0,21,27,available
2025.2,TEAM_07,4,1208.0,21,27,available
2025.2,TEAM_07,5,546.0,17,17,available
2025.2,TEAM_07,6,0.0,0,0,no_clean_change_observed
2025.2,TEAM_07,7,0.0,0,0,no_clean_change_observed
2025.2,TEAM_09,-63,0.0,0,0,no_clean_change_observed
2025.2,TEAM_09,-62,0.0,0,0,no_clean_change_observed
2025.2,TEAM_09,-61,0.0,0,0,no_clean_change_observed
2025.2,TEAM_09,-60,0.0,0,0,no_clean_change_observed
2025.2,TEAM_09,-59,0.0,0,0,no_clean_change_observed
2025.2,TEAM_09,-58,0.0,0,0,no_clean_change_observed
2025.2,TEAM_09,-57,0.0,0,0,no_clean_change_observed
2025.2,TEAM_09,-56,0.0,0,0,no_clean_change_observed
2025.2,TEAM_09,-55,0.0,0,0,no_clean_change_observed
2025.2,TEAM_09,-54,0.0,0,0,no_clean_change_observed
2025.2,TEAM_09,-53,0.0,0,0,no_clean_change_observed
2025.2,TEAM_09,-52,0.0,0,0,no_clean_change_observed
2025.2,TEAM_09,-51,0.0,0,0,no_clean_change_observed
2025.2,TEAM_09,-50,0.0,0,0,no_clean_change_observed
2025.2,TEAM_09,-49,0.0,0,0,no_clean_change_observed
2025.2,TEAM_09,-48,0.0,0,0,no_clean_change_observed
2025.2,TEAM_09,-47,0.0,0,0,no_clean_change_observed
2025.2,TEAM_09,-46,0.0,0,0,no_clean_change_observed
2025.2,TEAM_09,-45,205.0,6,6,available
2025.2,TEAM_09,-44,205.0,6,6,available
2025.2,TEAM_09,-43,205.0,6,6,available
2025.2,TEAM_09,-42,873.0,43,62,available
2025.2,TEAM_09,-41,873.0,43,62,available
2025.2,TEAM_09,-40,873.0,43,62,available
2025.2,TEAM_09,-39,873.0,43,62,available
2025.2,TEAM_09,-38,668.0,38,56,available
2025.2,TEAM_09,-37,668.0,38,56,available
2025.2,TEAM_09,-36,996.0,42,77,available
2025.2,TEAM_09,-35,328.0,21,21,available
2025.2,TEAM_09,-34,328.0,21,21,available
2025.2,TEAM_09,-33,328.0,21,21,available
2025.2,TEAM_09,-32,328.0,21,21,available
2025.2,TEAM_09,-31,328.0,21,21,available
2025.2,TEAM_09,-30,328.0,21,21,available
2025.2,TEAM_09,-29,771.0,37,37,available
2025.2,TEAM_09,-28,771.0,37,37,available
2025.2,TEAM_09,-27,771.0,37,37,available
2025.2,TEAM_09,-26,1745.0,45,82,available
2025.2,TEAM_09,-25,1840.0,45,84,available
2025.2,TEAM_09,-24,2035.0,54,93,available
2025.2,TEAM_09,-23,2035.0,54,93,available
2025.2,TEAM_09,-22,6374.0,122,134,available
2025.2,TEAM_09,-21,6564.0,124,139,available
2025.2,TEAM_09,-20,6564.0,124,139,available
2025.2,TEAM_09,-19,5590.0,81,94,available
2025.2,TEAM_09,-18,5495.0,80,92,available
2025.2,TEAM_09,-17,5300.0,80,83,available
2025.2,TEAM_09,-16,22609.0,151,273,available
2025.2,TEAM_09,-15,17535.0,130,199,available
2025.2,TEAM_09,-14,17658.0,129,201,available
2025.2,TEAM_09,-13,17658.0,129,201,available
2025.2,TEAM_09,-12,17658.0,129,201,available
2025.2,TEAM_09,-11,17658.0,129,201,available
2025.2,TEAM_09,-10,17658.0,129,201,available
2025.2,TEAM_09,-9,349.0,10,11,available
2025.2,TEAM_09,-8,313.0,7,7,available
2025.2,TEAM_09,-7,0.0,0,0,no_clean_change_observed
2025.2,TEAM_09,-6,0.0,0,0,no_clean_change_observed
2025.2,TEAM_09,-5,0.0,0,0,no_clean_change_observed
2025.2,TEAM_09,-4,0.0,0,0,no_clean_change_observed
2025.2,TEAM_09,-3,1522.0,5,12,available
2025.2,TEAM_09,-2,1522.0,5,12,available
2025.2,TEAM_09,-1,6337.0,62,88,available
2025.2,TEAM_09,0,9544.0,92,201,available
2025.2,TEAM_09,1,9544.0,92,201,available
2025.2,TEAM_09,2,9544.0,92,201,available
2025.2,TEAM_09,3,9544.0,92,201,available
2025.2,TEAM_09,4,8022.0,91,189,available
2025.2,TEAM_09,5,8022.0,91,189,available
2025.2,TEAM_09,6,3207.0,53,113,available
2025.2,TEAM_09,7,0.0,0,0,no_clean_change_observed
2025.2,TEAM_10,-63,0.0,0,0,no_clean_change_observed
2025.2,TEAM_10,-62,0.0,0,0,no_clean_change_observed
2025.2,TEAM_10,-61,0.0,0,0,no_clean_change_observed
2025.2,TEAM_10,-60,0.0,0,0,no_clean_change_observed
2025.2,TEAM_10,-59,0.0,0,0,no_clean_change_observed
2025.2,TEAM_10,-58,0.0,0,0,no_clean_change_observed
2025.2,TEAM_10,-57,0.0,0,0,no_clean_change_observed
2025.2,TEAM_10,-56,0.0,0,0,no_clean_change_observed
2025.2,TEAM_10,-55,0.0,0,0,no_clean_change_observed
2025.2,TEAM_10,-54,0.0,0,0,no_clean_change_observed
2025.2,TEAM_10,-53,0.0,0,0,no_clean_change_observed
2025.2,TEAM_10,-52,0.0,0,0,no_clean_change_observed
2025.2,TEAM_10,-51,0.0,0,0,no_clean_change_observed
2025.2,TEAM_10,-50,0.0,0,0,no_clean_change_observed
2025.2,TEAM_10,-49,0.0,0,0,no_clean_change_observed
2025.2,TEAM_10,-48,0.0,0,0,no_clean_change_observed
2025.2,TEAM_10,-47,0.0,0,0,no_clean_change_observed
2025.2,TEAM_10,-46,0.0,0,0,no_clean_change_observed
2025.2,TEAM_10,-45,0.0,0,0,no_clean_change_observed
2025.2,TEAM_10,-44,0.0,0,0,no_clean_change_observed
2025.2,TEAM_10,-43,0.0,0,0,no_clean_change_observed
2025.2,TEAM_10,-42,0.0,0,0,no_clean_change_observed
2025.2,TEAM_10,-41,0.0,0,0,no_clean_change_observed
2025.2,TEAM_10,-40,0.0,0,0,no_clean_change_observed
2025.2,TEAM_10,-39,0.0,0,0,no_clean_change_observed
2025.2,TEAM_10,-38,0.0,0,0,no_clean_change_observed
2025.2,TEAM_10,-37,0.0,0,0,no_clean_change_observed
2025.2,TEAM_10,-36,0.0,0,0,no_clean_change_observed
2025.2,TEAM_10,-35,0.0,0,0,no_clean_change_observed
2025.2,TEAM_10,-34,0.0,0,0,no_clean_change_observed
2025.2,TEAM_10,-33,0.0,0,0,no_clean_change_observed
2025.2,TEAM_10,-32,0.0,0,0,no_clean_change_observed
2025.2,TEAM_10,-31,0.0,0,0,no_clean_change_observed
2025.2,TEAM_10,-30,1055.0,9,9,available
2025.2,TEAM_10,-29,1055.0,9,9,available
2025.2,TEAM_10,-28,1055.0,9,9,available
2025.2,TEAM_10,-27,1055.0,9,9,available
2025.2,TEAM_10,-26,1055.0,9,9,available
2025.2,TEAM_10,-25,1055.0,9,9,available
2025.2,TEAM_10,-24,1055.0,9,9,available
2025.2,TEAM_10,-23,0.0,0,0,no_clean_change_observed
2025.2,TEAM_10,-22,2792.0,19,24,available
2025.2,TEAM_10,-21,3770.0,21,33,available
2025.2,TEAM_10,-20,3770.0,21,33,available
2025.2,TEAM_10,-19,3770.0,21,33,available
2025.2,TEAM_10,-18,3770.0,21,33,available
2025.2,TEAM_10,-17,3770.0,21,33,available
2025.2,TEAM_10,-16,3770.0,21,33,available
2025.2,TEAM_10,-15,978.0,9,9,available
2025.2,TEAM_10,-14,0.0,0,0,no_clean_change_observed
2025.2,TEAM_10,-13,0.0,0,0,no_clean_change_observed
2025.2,TEAM_10,-12,0.0,0,0,no_clean_change_observed
2025.2,TEAM_10,-11,0.0,0,0,no_clean_change_observed
2025.2,TEAM_10,-10,0.0,0,0,no_clean_change_observed
2025.2,TEAM_10,-9,0.0,0,0,no_clean_change_observed
2025.2,TEAM_10,-8,0.0,0,0,no_clean_change_observed
2025.2,TEAM_10,-7,0.0,0,0,no_clean_change_observed
2025.2,TEAM_10,-6,0.0,0,0,no_clean_change_observed
2025.2,TEAM_10,-5,601.0,4,4,available
2025.2,TEAM_10,-4,601.0,4,4,available
2025.2,TEAM_10,-3,601.0,4,4,available
2025.2,TEAM_10,-2,601.0,4,4,available
2025.2,TEAM_10,-1,601.0,4,4,available
2025.2,TEAM_10,0,1838.0,14,18,available
2025.2,TEAM_10,1,1838.0,14,18,available
2025.2,TEAM_10,2,1237.0,13,14,available
2025.2,TEAM_10,3,1237.0,13,14,available
2025.2,TEAM_10,4,1237.0,13,14,available
2025.2,TEAM_10,5,1237.0,13,14,available
2025.2,TEAM_10,6,1237.0,13,14,available
2025.2,TEAM_10,7,0.0,0,0,no_clean_change_observed
2025.2,TEAM_02,-63,0.0,0,0,no_clean_change_observed
2025.2,TEAM_02,-62,0.0,0,0,no_clean_change_observed
2025.2,TEAM_02,-61,0.0,0,0,no_clean_change_observed
2025.2,TEAM_02,-60,0.0,0,0,no_clean_change_observed
2025.2,TEAM_02,-59,0.0,0,0,no_clean_change_observed
2025.2,TEAM_02,-58,0.0,0,0,no_clean_change_observed
2025.2,TEAM_02,-57,0.0,0,0,no_clean_change_observed
2025.2,TEAM_02,-56,0.0,0,0,no_clean_change_observed
2025.2,TEAM_02,-55,0.0,0,0,no_clean_change_observed
2025.2,TEAM_02,-54,0.0,0,0,no_clean_change_observed
2025.2,TEAM_02,-53,0.0,0,0,no_clean_change_observed
2025.2,TEAM_02,-52,0.0,0,0,no_clean_change_observed
2025.2,TEAM_02,-51,0.0,0,0,no_clean_change_observed
2025.2,TEAM_02,-50,0.0,0,0,no_clean_change_observed
2025.2,TEAM_02,-49,0.0,0,0,no_clean_change_observed
2025.2,TEAM_02,-48,0.0,0,0,no_clean_change_observed
2025.2,TEAM_02,-47,0.0,0,0,no_clean_change_observed
2025.2,TEAM_02,-46,0.0,0,0,no_clean_change_observed
2025.2,TEAM_02,-45,0.0,0,0,no_clean_change_observed
2025.2,TEAM_02,-44,0.0,0,0,no_clean_change_observed
2025.2,TEAM_02,-43,0.0,0,0,no_clean_change_observed
2025.2,TEAM_02,-42,0.0,0,0,no_clean_change_observed
2025.2,TEAM_02,-41,0.0,0,0,no_clean_change_observed
2025.2,TEAM_02,-40,0.0,0,0,no_clean_change_observed
2025.2,TEAM_02,-39,23.0,2,2,available
2025.2,TEAM_02,-38,23.0,2,2,available
2025.2,TEAM_02,-37,23.0,2,2,available
2025.2,TEAM_02,-36,36.0,3,5,available
2025.2,TEAM_02,-35,89.0,7,9,available
2025.2,TEAM_02,-34,136.0,8,11,available
2025.2,TEAM_02,-33,331.0,11,18,available
2025.2,TEAM_02,-32,308.0,11,16,available
2025.2,TEAM_02,-31,558.0,16,30,available
2025.2,TEAM_02,-30,685.0,18,34,available
2025.2,TEAM_02,-29,812.0,17,37,available
2025.2,TEAM_02,-28,759.0,16,33,available
2025.2,TEAM_02,-27,792.0,15,37,available
2025.2,TEAM_02,-26,651.0,14,32,available
2025.2,TEAM_02,-25,651.0,14,32,available
2025.2,TEAM_02,-24,401.0,6,18,available
2025.2,TEAM_02,-23,292.0,6,15,available
2025.2,TEAM_02,-22,686.0,10,17,available
2025.2,TEAM_02,-21,2494.0,22,40,available
2025.2,TEAM_02,-20,2414.0,21,34,available
2025.2,TEAM_02,-19,2360.0,21,32,available
2025.2,TEAM_02,-18,2360.0,21,32,available
2025.2,TEAM_02,-17,2650.0,23,40,available
2025.2,TEAM_02,-16,3430.0,31,56,available
2025.2,TEAM_02,-15,3498.0,36,68,available
2025.2,TEAM_02,-14,1690.0,29,45,available
2025.2,TEAM_02,-13,1814.0,30,47,available
2025.2,TEAM_02,-12,1814.0,30,47,available
2025.2,TEAM_02,-11,1814.0,30,47,available
2025.2,TEAM_02,-10,1524.0,25,39,available
2025.2,TEAM_02,-9,1052.0,19,33,available
2025.2,TEAM_02,-8,654.0,12,38,available
2025.2,TEAM_02,-7,1184.0,16,62,available
2025.2,TEAM_02,-6,1283.0,15,70,available
2025.2,TEAM_02,-5,1283.0,15,70,available
2025.2,TEAM_02,-4,2831.0,26,89,available
2025.2,TEAM_02,-3,3639.0,33,116,available
2025.2,TEAM_02,-2,4078.0,33,116,available
2025.2,TEAM_02,-1,7921.0,40,137,available
2025.2,TEAM_02,0,24656.0,134,298,available
2025.2,TEAM_02,1,24433.0,134,288,available
2025.2,TEAM_02,2,24433.0,134,288,available
2025.2,TEAM_02,3,22885.0,129,269,available
2025.2,TEAM_02,4,22077.0,121,242,available
2025.2,TEAM_02,5,21312.0,121,231,available
2025.2,TEAM_02,6,17265.0,110,185,available
2025.2,TEAM_02,7,0.0,0,0,no_clean_change_observed
2025.2,TEAM_08,-63,0.0,0,0,no_clean_change_observed
2025.2,TEAM_08,-62,0.0,0,0,no_clean_change_observed
2025.2,TEAM_08,-61,0.0,0,0,no_clean_change_observed
2025.2,TEAM_08,-60,0.0,0,0,no_clean_change_observed
2025.2,TEAM_08,-59,0.0,0,0,no_clean_change_observed
2025.2,TEAM_08,-58,0.0,0,0,no_clean_change_observed
2025.2,TEAM_08,-57,0.0,0,0,no_clean_change_observed
2025.2,TEAM_08,-56,0.0,0,0,no_clean_change_observed
2025.2,TEAM_08,-55,0.0,0,0,no_clean_change_observed
2025.2,TEAM_08,-54,0.0,0,0,no_clean_change_observed
2025.2,TEAM_08,-53,0.0,0,0,no_clean_change_observed
2025.2,TEAM_08,-52,0.0,0,0,no_clean_change_observed
2025.2,TEAM_08,-51,0.0,0,0,no_clean_change_observed
2025.2,TEAM_08,-50,0.0,0,0,no_clean_change_observed
2025.2,TEAM_08,-49,0.0,0,0,no_clean_change_observed
2025.2,TEAM_08,-48,0.0,0,0,no_clean_change_observed
2025.2,TEAM_08,-47,0.0,0,0,no_clean_change_observed
2025.2,TEAM_08,-46,0.0,0,0,no_clean_change_observed
2025.2,TEAM_08,-45,0.0,0,0,no_clean_change_observed
2025.2,TEAM_08,-44,0.0,0,0,no_clean_change_observed
2025.2,TEAM_08,-43,0.0,0,0,no_clean_change_observed
2025.2,TEAM_08,-42,0.0,0,0,no_clean_change_observed
2025.2,TEAM_08,-41,129.0,3,3,available
2025.2,TEAM_08,-40,129.0,3,3,available
2025.2,TEAM_08,-39,129.0,3,3,available
2025.2,TEAM_08,-38,129.0,3,3,available
2025.2,TEAM_08,-37,129.0,3,3,available
2025.2,TEAM_08,-36,129.0,3,3,available
2025.2,TEAM_08,-35,129.0,3,3,available
2025.2,TEAM_08,-34,0.0,0,0,no_clean_change_observed
2025.2,TEAM_08,-33,0.0,0,0,no_clean_change_observed
2025.2,TEAM_08,-32,0.0,0,0,no_clean_change_observed
2025.2,TEAM_08,-31,211.0,3,3,available
2025.2,TEAM_08,-30,752.0,16,19,available
2025.2,TEAM_08,-29,1421.0,31,42,available
2025.2,TEAM_08,-28,1421.0,31,42,available
2025.2,TEAM_08,-27,1452.0,31,44,available
2025.2,TEAM_08,-26,1452.0,31,44,available
2025.2,TEAM_08,-25,1452.0,31,44,available
2025.2,TEAM_08,-24,1241.0,30,41,available
2025.2,TEAM_08,-23,700.0,20,25,available
2025.2,TEAM_08,-22,31.0,2,2,available
2025.2,TEAM_08,-21,31.0,2,2,available
2025.2,TEAM_08,-20,0.0,0,0,no_clean_change_observed
2025.2,TEAM_08,-19,0.0,0,0,no_clean_change_observed
2025.2,TEAM_08,-18,172.0,1,1,available
2025.2,TEAM_08,-17,172.0,1,1,available
2025.2,TEAM_08,-16,172.0,1,1,available
2025.2,TEAM_08,-15,172.0,1,1,available
2025.2,TEAM_08,-14,172.0,1,1,available
2025.2,TEAM_08,-13,172.0,1,1,available
2025.2,TEAM_08,-12,172.0,1,1,available
2025.2,TEAM_08,-11,0.0,0,0,no_clean_change_observed
2025.2,TEAM_08,-10,0.0,0,0,no_clean_change_observed
2025.2,TEAM_08,-9,0.0,0,0,no_clean_change_observed
2025.2,TEAM_08,-8,0.0,0,0,no_clean_change_observed
2025.2,TEAM_08,-7,0.0,0,0,no_clean_change_observed
2025.2,TEAM_08,-6,0.0,0,0,no_clean_change_observed
2025.2,TEAM_08,-5,0.0,0,0,no_clean_change_observed
2025.2,TEAM_08,-4,0.0,0,0,no_clean_change_observed
2025.2,TEAM_08,-3,0.0,0,0,no_clean_change_observed
2025.2,TEAM_08,-2,0.0,0,0,no_clean_change_observed
2025.2,TEAM_08,-1,0.0,0,0,no_clean_change_observed
2025.2,TEAM_08,0,0.0,0,0,no_clean_change_observed
2025.2,TEAM_08,1,0.0,0,0,no_clean_change_observed
2025.2,TEAM_08,2,0.0,0,0,no_clean_change_observed
2025.2,TEAM_08,3,0.0,0,0,no_clean_change_observed
2025.2,TEAM_08,4,0.0,0,0,no_clean_change_observed
2025.2,TEAM_08,5,0.0,0,0,no_clean_change_observed
2025.2,TEAM_08,6,0.0,0,0,no_clean_change_observed
2025.2,TEAM_08,7,0.0,0,0,no_clean_change_observed
