ID_Equipe,Semestre,week_bin,week_bin_order,period_start,period_end,start_day_relative_to_t3,end_day_relative_to_t3,commit_n,clean_churn,active_day_n,active_author_n,score_trajectory_group,planning_scope_tier,evaluator_score_t3,delta_score_t3_minus_t1
TEAM_01,2025.2,week_-12,1,2025-09-12 13:29:05+00:00,2025-09-19 13:29:05+00:00,-91,-84,4,146.0,2,1,stable,high_repository_visible_planning,1.5,-0.03125
TEAM_01,2025.2,week_-11,2,2025-09-19 13:29:05+00:00,2025-09-26 13:29:05+00:00,-84,-77,3,1294.0,1,1,stable,high_repository_visible_planning,1.5,-0.03125
TEAM_01,2025.2,week_-10,3,2025-09-26 13:29:05+00:00,2025-10-03 13:29:05+00:00,-77,-70,0,0.0,0,0,stable,high_repository_visible_planning,1.5,-0.03125
TEAM_01,2025.2,week_-9,4,2025-10-03 13:29:05+00:00,2025-10-10 13:29:05+00:00,-70,-63,0,0.0,0,0,stable,high_repository_visible_planning,1.5,-0.03125
TEAM_01,2025.2,week_-8,5,2025-10-10 13:29:05+00:00,2025-10-17 13:29:05+00:00,-63,-56,0,0.0,0,0,stable,high_repository_visible_planning,1.5,-0.03125
TEAM_01,2025.2,week_-7,6,2025-10-17 13:29:05+00:00,2025-10-24 13:29:05+00:00,-56,-49,0,0.0,0,0,stable,high_repository_visible_planning,1.5,-0.03125
TEAM_01,2025.2,week_-6,7,2025-10-24 13:29:05+00:00,2025-10-31 13:29:05+00:00,-49,-42,0,0.0,0,0,stable,high_repository_visible_planning,1.5,-0.03125
TEAM_01,2025.2,week_-5,8,2025-10-31 13:29:05+00:00,2025-11-07 13:29:05+00:00,-42,-35,0,0.0,0,0,stable,high_repository_visible_planning,1.5,-0.03125
TEAM_01,2025.2,week_-4,9,2025-11-07 13:29:05+00:00,2025-11-14 13:29:05+00:00,-35,-28,0,0.0,0,0,stable,high_repository_visible_planning,1.5,-0.03125
TEAM_01,2025.2,week_-3,10,2025-11-14 13:29:05+00:00,2025-11-21 13:29:05+00:00,-28,-21,1,376.0,1,1,stable,high_repository_visible_planning,1.5,-0.03125
TEAM_01,2025.2,week_-2,11,2025-11-21 13:29:05+00:00,2025-11-28 13:29:05+00:00,-21,-14,0,0.0,0,0,stable,high_repository_visible_planning,1.5,-0.03125
TEAM_01,2025.2,week_-1,12,2025-11-28 13:29:05+00:00,2025-12-05 13:29:05+00:00,-14,-7,0,0.0,0,0,stable,high_repository_visible_planning,1.5,-0.03125
TEAM_01,2025.2,final_7_days,13,2025-12-05 13:29:05+00:00,2025-12-12 13:29:05+00:00,-7,0,11,1337.0,3,1,stable,high_repository_visible_planning,1.5,-0.03125
TEAM_01,2026.1,week_-12,1,2026-03-20 13:26:03+00:00,2026-03-27 13:26:03+00:00,-91,-84,0,0.0,0,0,improved,lower_repository_visible_planning,2.5,0.5416666666666667
TEAM_01,2026.1,week_-11,2,2026-03-27 13:26:03+00:00,2026-04-03 13:26:03+00:00,-84,-77,0,0.0,0,0,improved,lower_repository_visible_planning,2.5,0.5416666666666667
TEAM_01,2026.1,week_-10,3,2026-04-03 13:26:03+00:00,2026-04-10 13:26:03+00:00,-77,-70,0,0.0,0,0,improved,lower_repository_visible_planning,2.5,0.5416666666666667
TEAM_01,2026.1,week_-9,4,2026-04-10 13:26:03+00:00,2026-04-17 13:26:03+00:00,-70,-63,0,0.0,0,0,improved,lower_repository_visible_planning,2.5,0.5416666666666667
TEAM_01,2026.1,week_-8,5,2026-04-17 13:26:03+00:00,2026-04-24 13:26:03+00:00,-63,-56,0,0.0,0,0,improved,lower_repository_visible_planning,2.5,0.5416666666666667
TEAM_01,2026.1,week_-7,6,2026-04-24 13:26:03+00:00,2026-05-01 13:26:03+00:00,-56,-49,0,0.0,0,0,improved,lower_repository_visible_planning,2.5,0.5416666666666667
TEAM_01,2026.1,week_-6,7,2026-05-01 13:26:03+00:00,2026-05-08 13:26:03+00:00,-49,-42,0,0.0,0,0,improved,lower_repository_visible_planning,2.5,0.5416666666666667
TEAM_01,2026.1,week_-5,8,2026-05-08 13:26:03+00:00,2026-05-15 13:26:03+00:00,-42,-35,0,0.0,0,0,improved,lower_repository_visible_planning,2.5,0.5416666666666667
TEAM_01,2026.1,week_-4,9,2026-05-15 13:26:03+00:00,2026-05-22 13:26:03+00:00,-35,-28,1,4040.0,1,1,improved,lower_repository_visible_planning,2.5,0.5416666666666667
TEAM_01,2026.1,week_-3,10,2026-05-22 13:26:03+00:00,2026-05-29 13:26:03+00:00,-28,-21,0,0.0,0,0,improved,lower_repository_visible_planning,2.5,0.5416666666666667
TEAM_01,2026.1,week_-2,11,2026-05-29 13:26:03+00:00,2026-06-05 13:26:03+00:00,-21,-14,0,0.0,0,0,improved,lower_repository_visible_planning,2.5,0.5416666666666667
TEAM_01,2026.1,week_-1,12,2026-06-05 13:26:03+00:00,2026-06-12 13:26:03+00:00,-14,-7,0,0.0,0,0,improved,lower_repository_visible_planning,2.5,0.5416666666666667
TEAM_01,2026.1,final_7_days,13,2026-06-12 13:26:03+00:00,2026-06-19 13:26:03+00:00,-7,0,1,6546.0,1,1,improved,lower_repository_visible_planning,2.5,0.5416666666666667
TEAM_02,2025.2,week_-12,1,2025-09-05 12:54:04+00:00,2025-09-12 12:54:04+00:00,-91,-84,0,0.0,0,0,declined,lower_repository_visible_planning,1.75,-0.25
TEAM_02,2025.2,week_-11,2,2025-09-12 12:54:04+00:00,2025-09-19 12:54:04+00:00,-84,-77,0,0.0,0,0,declined,lower_repository_visible_planning,1.75,-0.25
TEAM_02,2025.2,week_-10,3,2025-09-19 12:54:04+00:00,2025-09-26 12:54:04+00:00,-77,-70,0,0.0,0,0,declined,lower_repository_visible_planning,1.75,-0.25
TEAM_02,2025.2,week_-9,4,2025-09-26 12:54:04+00:00,2025-10-03 12:54:04+00:00,-70,-63,0,0.0,0,0,declined,lower_repository_visible_planning,1.75,-0.25
TEAM_02,2025.2,week_-8,5,2025-10-03 12:54:04+00:00,2025-10-10 12:54:04+00:00,-63,-56,0,0.0,0,0,declined,lower_repository_visible_planning,1.75,-0.25
TEAM_02,2025.2,week_-7,6,2025-10-10 12:54:04+00:00,2025-10-17 12:54:04+00:00,-56,-49,0,0.0,0,0,declined,lower_repository_visible_planning,1.75,-0.25
TEAM_02,2025.2,week_-6,7,2025-10-17 12:54:04+00:00,2025-10-24 12:54:04+00:00,-49,-42,5,0.0,1,2,declined,lower_repository_visible_planning,1.75,-0.25
TEAM_02,2025.2,week_-5,8,2025-10-24 12:54:04+00:00,2025-10-31 12:54:04+00:00,-42,-35,4,89.0,4,1,declined,lower_repository_visible_planning,1.75,-0.25
TEAM_02,2025.2,week_-4,9,2025-10-31 12:54:04+00:00,2025-11-07 12:54:04+00:00,-35,-28,12,759.0,5,2,declined,lower_repository_visible_planning,1.75,-0.25
TEAM_02,2025.2,week_-3,10,2025-11-07 12:54:04+00:00,2025-11-14 12:54:04+00:00,-28,-21,19,2494.0,5,5,declined,lower_repository_visible_planning,1.75,-0.25
TEAM_02,2025.2,week_-2,11,2025-11-14 12:54:04+00:00,2025-11-21 12:54:04+00:00,-21,-14,16,1690.0,4,4,declined,lower_repository_visible_planning,1.75,-0.25
TEAM_02,2025.2,week_-1,12,2025-11-21 12:54:04+00:00,2025-11-28 12:54:04+00:00,-14,-7,36,1184.0,4,3,declined,lower_repository_visible_planning,1.75,-0.25
TEAM_02,2025.2,final_7_days,13,2025-11-28 12:54:04+00:00,2025-12-05 12:54:04+00:00,-7,0,109,24656.0,7,5,declined,lower_repository_visible_planning,1.75,-0.25
TEAM_02,2026.1,week_-12,1,2026-03-20 12:34:12+00:00,2026-03-27 12:34:12+00:00,-91,-84,1,693.0,1,1,stable,high_repository_visible_planning,2.458333333333333,0.0416666666666669
TEAM_02,2026.1,week_-11,2,2026-03-27 12:34:12+00:00,2026-04-03 12:34:12+00:00,-84,-77,0,0.0,0,0,stable,high_repository_visible_planning,2.458333333333333,0.0416666666666669
TEAM_02,2026.1,week_-10,3,2026-04-03 12:34:12+00:00,2026-04-10 12:34:12+00:00,-77,-70,1,647.0,1,1,stable,high_repository_visible_planning,2.458333333333333,0.0416666666666669
TEAM_02,2026.1,week_-9,4,2026-04-10 12:34:12+00:00,2026-04-17 12:34:12+00:00,-70,-63,1,0.0,1,1,stable,high_repository_visible_planning,2.458333333333333,0.0416666666666669
TEAM_02,2026.1,week_-8,5,2026-04-17 12:34:12+00:00,2026-04-24 12:34:12+00:00,-63,-56,8,0.0,1,3,stable,high_repository_visible_planning,2.458333333333333,0.0416666666666669
TEAM_02,2026.1,week_-7,6,2026-04-24 12:34:12+00:00,2026-05-01 12:34:12+00:00,-56,-49,0,0.0,0,0,stable,high_repository_visible_planning,2.458333333333333,0.0416666666666669
TEAM_02,2026.1,week_-6,7,2026-05-01 12:34:12+00:00,2026-05-08 12:34:12+00:00,-49,-42,3,792.0,2,1,stable,high_repository_visible_planning,2.458333333333333,0.0416666666666669
TEAM_02,2026.1,week_-5,8,2026-05-08 12:34:12+00:00,2026-05-15 12:34:12+00:00,-42,-35,2,169.0,2,1,stable,high_repository_visible_planning,2.458333333333333,0.0416666666666669
TEAM_02,2026.1,week_-4,9,2026-05-15 12:34:12+00:00,2026-05-22 12:34:12+00:00,-35,-28,16,2701.0,5,6,stable,high_repository_visible_planning,2.458333333333333,0.0416666666666669
TEAM_02,2026.1,week_-3,10,2026-05-22 12:34:12+00:00,2026-05-29 12:34:12+00:00,-28,-21,7,1862.0,2,4,stable,high_repository_visible_planning,2.458333333333333,0.0416666666666669
TEAM_02,2026.1,week_-2,11,2026-05-29 12:34:12+00:00,2026-06-05 12:34:12+00:00,-21,-14,10,2124.0,4,5,stable,high_repository_visible_planning,2.458333333333333,0.0416666666666669
TEAM_02,2026.1,week_-1,12,2026-06-05 12:34:12+00:00,2026-06-12 12:34:12+00:00,-14,-7,1,529.0,1,1,stable,high_repository_visible_planning,2.458333333333333,0.0416666666666669
TEAM_02,2026.1,final_7_days,13,2026-06-12 12:34:12+00:00,2026-06-19 12:34:12+00:00,-7,0,20,3038.0,4,7,stable,high_repository_visible_planning,2.458333333333333,0.0416666666666669
TEAM_03,2025.2,week_-12,1,2025-09-12 12:43:55+00:00,2025-09-19 12:43:55+00:00,-91,-84,0,0.0,0,0,improved,lower_repository_visible_planning,2.40625,0.15625
TEAM_03,2025.2,week_-11,2,2025-09-19 12:43:55+00:00,2025-09-26 12:43:55+00:00,-84,-77,0,0.0,0,0,improved,lower_repository_visible_planning,2.40625,0.15625
TEAM_03,2025.2,week_-10,3,2025-09-26 12:43:55+00:00,2025-10-03 12:43:55+00:00,-77,-70,0,0.0,0,0,improved,lower_repository_visible_planning,2.40625,0.15625
TEAM_03,2025.2,week_-9,4,2025-10-03 12:43:55+00:00,2025-10-10 12:43:55+00:00,-70,-63,0,0.0,0,0,improved,lower_repository_visible_planning,2.40625,0.15625
TEAM_03,2025.2,week_-8,5,2025-10-10 12:43:55+00:00,2025-10-17 12:43:55+00:00,-63,-56,0,0.0,0,0,improved,lower_repository_visible_planning,2.40625,0.15625
TEAM_03,2025.2,week_-7,6,2025-10-17 12:43:55+00:00,2025-10-24 12:43:55+00:00,-56,-49,0,0.0,0,0,improved,lower_repository_visible_planning,2.40625,0.15625
TEAM_03,2025.2,week_-6,7,2025-10-24 12:43:55+00:00,2025-10-31 12:43:55+00:00,-49,-42,0,0.0,0,0,improved,lower_repository_visible_planning,2.40625,0.15625
TEAM_03,2025.2,week_-5,8,2025-10-31 12:43:55+00:00,2025-11-07 12:43:55+00:00,-42,-35,0,0.0,0,0,improved,lower_repository_visible_planning,2.40625,0.15625
TEAM_03,2025.2,week_-4,9,2025-11-07 12:43:55+00:00,2025-11-14 12:43:55+00:00,-35,-28,0,0.0,0,0,improved,lower_repository_visible_planning,2.40625,0.15625
TEAM_03,2025.2,week_-3,10,2025-11-14 12:43:55+00:00,2025-11-21 12:43:55+00:00,-28,-21,0,0.0,0,0,improved,lower_repository_visible_planning,2.40625,0.15625
TEAM_03,2025.2,week_-2,11,2025-11-21 12:43:55+00:00,2025-11-28 12:43:55+00:00,-21,-14,0,0.0,0,0,improved,lower_repository_visible_planning,2.40625,0.15625
TEAM_03,2025.2,week_-1,12,2025-11-28 12:43:55+00:00,2025-12-05 12:43:55+00:00,-14,-7,0,0.0,0,0,improved,lower_repository_visible_planning,2.40625,0.15625
TEAM_03,2025.2,final_7_days,13,2025-12-05 12:43:55+00:00,2025-12-12 12:43:55+00:00,-7,0,9,15186.0,2,3,improved,lower_repository_visible_planning,2.40625,0.15625
TEAM_03,2026.1,week_-12,1,2026-03-20 12:07:49+00:00,2026-03-27 12:07:49+00:00,-91,-84,1,31.0,1,1,improved,high_repository_visible_planning,2.416666666666667,0.1666666666666669
TEAM_03,2026.1,week_-11,2,2026-03-27 12:07:49+00:00,2026-04-03 12:07:49+00:00,-84,-77,0,0.0,0,0,improved,high_repository_visible_planning,2.416666666666667,0.1666666666666669
TEAM_03,2026.1,week_-10,3,2026-04-03 12:07:49+00:00,2026-04-10 12:07:49+00:00,-77,-70,2,237.0,2,1,improved,high_repository_visible_planning,2.416666666666667,0.1666666666666669
TEAM_03,2026.1,week_-9,4,2026-04-10 12:07:49+00:00,2026-04-17 12:07:49+00:00,-70,-63,11,1888.0,3,4,improved,high_repository_visible_planning,2.416666666666667,0.1666666666666669
TEAM_03,2026.1,week_-8,5,2026-04-17 12:07:49+00:00,2026-04-24 12:07:49+00:00,-63,-56,11,1427.0,2,3,improved,high_repository_visible_planning,2.416666666666667,0.1666666666666669
TEAM_03,2026.1,week_-7,6,2026-04-24 12:07:49+00:00,2026-05-01 12:07:49+00:00,-56,-49,10,0.0,1,4,improved,high_repository_visible_planning,2.416666666666667,0.1666666666666669
TEAM_03,2026.1,week_-6,7,2026-05-01 12:07:49+00:00,2026-05-08 12:07:49+00:00,-49,-42,0,0.0,0,0,improved,high_repository_visible_planning,2.416666666666667,0.1666666666666669
TEAM_03,2026.1,week_-5,8,2026-05-08 12:07:49+00:00,2026-05-15 12:07:49+00:00,-42,-35,4,31.0,2,2,improved,high_repository_visible_planning,2.416666666666667,0.1666666666666669
TEAM_03,2026.1,week_-4,9,2026-05-15 12:07:49+00:00,2026-05-22 12:07:49+00:00,-35,-28,15,2600.0,4,6,improved,high_repository_visible_planning,2.416666666666667,0.1666666666666669
TEAM_03,2026.1,week_-3,10,2026-05-22 12:07:49+00:00,2026-05-29 12:07:49+00:00,-28,-21,1,93.0,1,1,improved,high_repository_visible_planning,2.416666666666667,0.1666666666666669
TEAM_03,2026.1,week_-2,11,2026-05-29 12:07:49+00:00,2026-06-05 12:07:49+00:00,-21,-14,0,0.0,0,0,improved,high_repository_visible_planning,2.416666666666667,0.1666666666666669
TEAM_03,2026.1,week_-1,12,2026-06-05 12:07:49+00:00,2026-06-12 12:07:49+00:00,-14,-7,0,0.0,0,0,improved,high_repository_visible_planning,2.416666666666667,0.1666666666666669
TEAM_03,2026.1,final_7_days,13,2026-06-12 12:07:49+00:00,2026-06-19 12:07:49+00:00,-7,0,15,103.0,2,4,improved,high_repository_visible_planning,2.416666666666667,0.1666666666666669
TEAM_04,2025.2,week_-12,1,2025-09-05 11:53:02+00:00,2025-09-12 11:53:02+00:00,-91,-84,0,0.0,0,0,improved,high_repository_visible_planning,2.458333333333333,0.3333333333333335
TEAM_04,2025.2,week_-11,2,2025-09-12 11:53:02+00:00,2025-09-19 11:53:02+00:00,-84,-77,0,0.0,0,0,improved,high_repository_visible_planning,2.458333333333333,0.3333333333333335
TEAM_04,2025.2,week_-10,3,2025-09-19 11:53:02+00:00,2025-09-26 11:53:02+00:00,-77,-70,0,0.0,0,0,improved,high_repository_visible_planning,2.458333333333333,0.3333333333333335
TEAM_04,2025.2,week_-9,4,2025-09-26 11:53:02+00:00,2025-10-03 11:53:02+00:00,-70,-63,0,0.0,0,0,improved,high_repository_visible_planning,2.458333333333333,0.3333333333333335
TEAM_04,2025.2,week_-8,5,2025-10-03 11:53:02+00:00,2025-10-10 11:53:02+00:00,-63,-56,0,0.0,0,0,improved,high_repository_visible_planning,2.458333333333333,0.3333333333333335
TEAM_04,2025.2,week_-7,6,2025-10-10 11:53:02+00:00,2025-10-17 11:53:02+00:00,-56,-49,9,133.0,2,4,improved,high_repository_visible_planning,2.458333333333333,0.3333333333333335
TEAM_04,2025.2,week_-6,7,2025-10-17 11:53:02+00:00,2025-10-24 11:53:02+00:00,-49,-42,4,1070.0,1,1,improved,high_repository_visible_planning,2.458333333333333,0.3333333333333335
TEAM_04,2025.2,week_-5,8,2025-10-24 11:53:02+00:00,2025-10-31 11:53:02+00:00,-42,-35,1,231.0,1,1,improved,high_repository_visible_planning,2.458333333333333,0.3333333333333335
TEAM_04,2025.2,week_-4,9,2025-10-31 11:53:02+00:00,2025-11-07 11:53:02+00:00,-35,-28,1,548.0,1,1,improved,high_repository_visible_planning,2.458333333333333,0.3333333333333335
TEAM_04,2025.2,week_-3,10,2025-11-07 11:53:02+00:00,2025-11-14 11:53:02+00:00,-28,-21,5,3050.0,2,3,improved,high_repository_visible_planning,2.458333333333333,0.3333333333333335
TEAM_04,2025.2,week_-2,11,2025-11-14 11:53:02+00:00,2025-11-21 11:53:02+00:00,-21,-14,1,876.0,1,1,improved,high_repository_visible_planning,2.458333333333333,0.3333333333333335
TEAM_04,2025.2,week_-1,12,2025-11-21 11:53:02+00:00,2025-11-28 11:53:02+00:00,-14,-7,3,770.0,2,2,improved,high_repository_visible_planning,2.458333333333333,0.3333333333333335
TEAM_04,2025.2,final_7_days,13,2025-11-28 11:53:02+00:00,2025-12-05 11:53:02+00:00,-7,0,27,10971.0,5,5,improved,high_repository_visible_planning,2.458333333333333,0.3333333333333335
TEAM_04,2026.1,week_-12,1,2026-03-20 13:53:17+00:00,2026-03-27 13:53:17+00:00,-91,-84,0,0.0,0,0,improved,high_repository_visible_planning,1.9583333333333333,0.5416666666666665
TEAM_04,2026.1,week_-11,2,2026-03-27 13:53:17+00:00,2026-04-03 13:53:17+00:00,-84,-77,0,0.0,0,0,improved,high_repository_visible_planning,1.9583333333333333,0.5416666666666665
TEAM_04,2026.1,week_-10,3,2026-04-03 13:53:17+00:00,2026-04-10 13:53:17+00:00,-77,-70,0,0.0,0,0,improved,high_repository_visible_planning,1.9583333333333333,0.5416666666666665
TEAM_04,2026.1,week_-9,4,2026-04-10 13:53:17+00:00,2026-04-17 13:53:17+00:00,-70,-63,0,0.0,0,0,improved,high_repository_visible_planning,1.9583333333333333,0.5416666666666665
TEAM_04,2026.1,week_-8,5,2026-04-17 13:53:17+00:00,2026-04-24 13:53:17+00:00,-63,-56,0,0.0,0,0,improved,high_repository_visible_planning,1.9583333333333333,0.5416666666666665
TEAM_04,2026.1,week_-7,6,2026-04-24 13:53:17+00:00,2026-05-01 13:53:17+00:00,-56,-49,0,0.0,0,0,improved,high_repository_visible_planning,1.9583333333333333,0.5416666666666665
TEAM_04,2026.1,week_-6,7,2026-05-01 13:53:17+00:00,2026-05-08 13:53:17+00:00,-49,-42,0,0.0,0,0,improved,high_repository_visible_planning,1.9583333333333333,0.5416666666666665
TEAM_04,2026.1,week_-5,8,2026-05-08 13:53:17+00:00,2026-05-15 13:53:17+00:00,-42,-35,0,0.0,0,0,improved,high_repository_visible_planning,1.9583333333333333,0.5416666666666665
TEAM_04,2026.1,week_-4,9,2026-05-15 13:53:17+00:00,2026-05-22 13:53:17+00:00,-35,-28,0,0.0,0,0,improved,high_repository_visible_planning,1.9583333333333333,0.5416666666666665
TEAM_04,2026.1,week_-3,10,2026-05-22 13:53:17+00:00,2026-05-29 13:53:17+00:00,-28,-21,0,0.0,0,0,improved,high_repository_visible_planning,1.9583333333333333,0.5416666666666665
TEAM_04,2026.1,week_-2,11,2026-05-29 13:53:17+00:00,2026-06-05 13:53:17+00:00,-21,-14,0,0.0,0,0,improved,high_repository_visible_planning,1.9583333333333333,0.5416666666666665
TEAM_04,2026.1,week_-1,12,2026-06-05 13:53:17+00:00,2026-06-12 13:53:17+00:00,-14,-7,0,0.0,0,0,improved,high_repository_visible_planning,1.9583333333333333,0.5416666666666665
TEAM_04,2026.1,final_7_days,13,2026-06-12 13:53:17+00:00,2026-06-19 13:53:17+00:00,-7,0,14,19469.0,4,2,improved,high_repository_visible_planning,1.9583333333333333,0.5416666666666665
TEAM_05,2025.2,week_-12,1,2025-09-12 13:30:13+00:00,2025-09-19 13:30:13+00:00,-91,-84,0,0.0,0,0,improved,lower_repository_visible_planning,2.28125,0.40625
TEAM_05,2025.2,week_-11,2,2025-09-19 13:30:13+00:00,2025-09-26 13:30:13+00:00,-84,-77,0,0.0,0,0,improved,lower_repository_visible_planning,2.28125,0.40625
TEAM_05,2025.2,week_-10,3,2025-09-26 13:30:13+00:00,2025-10-03 13:30:13+00:00,-77,-70,0,0.0,0,0,improved,lower_repository_visible_planning,2.28125,0.40625
TEAM_05,2025.2,week_-9,4,2025-10-03 13:30:13+00:00,2025-10-10 13:30:13+00:00,-70,-63,0,0.0,0,0,improved,lower_repository_visible_planning,2.28125,0.40625
TEAM_05,2025.2,week_-8,5,2025-10-10 13:30:13+00:00,2025-10-17 13:30:13+00:00,-63,-56,0,0.0,0,0,improved,lower_repository_visible_planning,2.28125,0.40625
TEAM_05,2025.2,week_-7,6,2025-10-17 13:30:13+00:00,2025-10-24 13:30:13+00:00,-56,-49,0,0.0,0,0,improved,lower_repository_visible_planning,2.28125,0.40625
TEAM_05,2025.2,week_-6,7,2025-10-24 13:30:13+00:00,2025-10-31 13:30:13+00:00,-49,-42,0,0.0,0,0,improved,lower_repository_visible_planning,2.28125,0.40625
TEAM_05,2025.2,week_-5,8,2025-10-31 13:30:13+00:00,2025-11-07 13:30:13+00:00,-42,-35,0,0.0,0,0,improved,lower_repository_visible_planning,2.28125,0.40625
TEAM_05,2025.2,week_-4,9,2025-11-07 13:30:13+00:00,2025-11-14 13:30:13+00:00,-35,-28,0,0.0,0,0,improved,lower_repository_visible_planning,2.28125,0.40625
TEAM_05,2025.2,week_-3,10,2025-11-14 13:30:13+00:00,2025-11-21 13:30:13+00:00,-28,-21,0,0.0,0,0,improved,lower_repository_visible_planning,2.28125,0.40625
TEAM_05,2025.2,week_-2,11,2025-11-21 13:30:13+00:00,2025-11-28 13:30:13+00:00,-21,-14,0,0.0,0,0,improved,lower_repository_visible_planning,2.28125,0.40625
TEAM_05,2025.2,week_-1,12,2025-11-28 13:30:13+00:00,2025-12-05 13:30:13+00:00,-14,-7,0,0.0,0,0,improved,lower_repository_visible_planning,2.28125,0.40625
TEAM_05,2025.2,final_7_days,13,2025-12-05 13:30:13+00:00,2025-12-12 13:30:13+00:00,-7,0,1,2482.0,1,1,improved,lower_repository_visible_planning,2.28125,0.40625
TEAM_05,2026.1,week_-12,1,2026-03-20 12:53:17+00:00,2026-03-27 12:53:17+00:00,-91,-84,1,0.0,1,1,declined,high_repository_visible_planning,2.291666666666667,-0.1249999999999995
TEAM_05,2026.1,week_-11,2,2026-03-27 12:53:17+00:00,2026-04-03 12:53:17+00:00,-84,-77,8,259.0,3,3,declined,high_repository_visible_planning,2.291666666666667,-0.1249999999999995
TEAM_05,2026.1,week_-10,3,2026-04-03 12:53:17+00:00,2026-04-10 12:53:17+00:00,-77,-70,2,44.0,1,2,declined,high_repository_visible_planning,2.291666666666667,-0.1249999999999995
TEAM_05,2026.1,week_-9,4,2026-04-10 12:53:17+00:00,2026-04-17 12:53:17+00:00,-70,-63,27,10814.0,5,5,declined,high_repository_visible_planning,2.291666666666667,-0.1249999999999995
TEAM_05,2026.1,week_-8,5,2026-04-17 12:53:17+00:00,2026-04-24 12:53:17+00:00,-63,-56,0,0.0,0,0,declined,high_repository_visible_planning,2.291666666666667,-0.1249999999999995
TEAM_05,2026.1,week_-7,6,2026-04-24 12:53:17+00:00,2026-05-01 12:53:17+00:00,-56,-49,3,564.0,2,1,declined,high_repository_visible_planning,2.291666666666667,-0.1249999999999995
TEAM_05,2026.1,week_-6,7,2026-05-01 12:53:17+00:00,2026-05-08 12:53:17+00:00,-49,-42,16,1163.0,4,5,declined,high_repository_visible_planning,2.291666666666667,-0.1249999999999995
TEAM_05,2026.1,week_-5,8,2026-05-08 12:53:17+00:00,2026-05-15 12:53:17+00:00,-42,-35,2,451.0,1,2,declined,high_repository_visible_planning,2.291666666666667,-0.1249999999999995
TEAM_05,2026.1,week_-4,9,2026-05-15 12:53:17+00:00,2026-05-22 12:53:17+00:00,-35,-28,21,3598.0,5,8,declined,high_repository_visible_planning,2.291666666666667,-0.1249999999999995
TEAM_05,2026.1,week_-3,10,2026-05-22 12:53:17+00:00,2026-05-29 12:53:17+00:00,-28,-21,6,542.0,4,3,declined,high_repository_visible_planning,2.291666666666667,-0.1249999999999995
TEAM_05,2026.1,week_-2,11,2026-05-29 12:53:17+00:00,2026-06-05 12:53:17+00:00,-21,-14,17,2562.0,4,6,declined,high_repository_visible_planning,2.291666666666667,-0.1249999999999995
TEAM_05,2026.1,week_-1,12,2026-06-05 12:53:17+00:00,2026-06-12 12:53:17+00:00,-14,-7,2,115.0,1,1,declined,high_repository_visible_planning,2.291666666666667,-0.1249999999999995
TEAM_05,2026.1,final_7_days,13,2026-06-12 12:53:17+00:00,2026-06-19 12:53:17+00:00,-7,0,14,2254.0,4,4,declined,high_repository_visible_planning,2.291666666666667,-0.1249999999999995
TEAM_07,2025.2,week_-12,1,2025-09-12 12:44:15+00:00,2025-09-19 12:44:15+00:00,-91,-84,0,0.0,0,0,stable,high_repository_visible_planning,2.5,0.09375
TEAM_07,2025.2,week_-11,2,2025-09-19 12:44:15+00:00,2025-09-26 12:44:15+00:00,-84,-77,0,0.0,0,0,stable,high_repository_visible_planning,2.5,0.09375
TEAM_07,2025.2,week_-10,3,2025-09-26 12:44:15+00:00,2025-10-03 12:44:15+00:00,-77,-70,1,289.0,1,1,stable,high_repository_visible_planning,2.5,0.09375
TEAM_07,2025.2,week_-9,4,2025-10-03 12:44:15+00:00,2025-10-10 12:44:15+00:00,-70,-63,0,0.0,0,0,stable,high_repository_visible_planning,2.5,0.09375
TEAM_07,2025.2,week_-8,5,2025-10-10 12:44:15+00:00,2025-10-17 12:44:15+00:00,-63,-56,6,2118.0,2,2,stable,high_repository_visible_planning,2.5,0.09375
TEAM_07,2025.2,week_-7,6,2025-10-17 12:44:15+00:00,2025-10-24 12:44:15+00:00,-56,-49,30,10724.0,5,6,stable,high_repository_visible_planning,2.5,0.09375
TEAM_07,2025.2,week_-6,7,2025-10-24 12:44:15+00:00,2025-10-31 12:44:15+00:00,-49,-42,0,0.0,0,0,stable,high_repository_visible_planning,2.5,0.09375
TEAM_07,2025.2,week_-5,8,2025-10-31 12:44:15+00:00,2025-11-07 12:44:15+00:00,-42,-35,0,0.0,0,0,stable,high_repository_visible_planning,2.5,0.09375
TEAM_07,2025.2,week_-4,9,2025-11-07 12:44:15+00:00,2025-11-14 12:44:15+00:00,-35,-28,0,0.0,0,0,stable,high_repository_visible_planning,2.5,0.09375
TEAM_07,2025.2,week_-3,10,2025-11-14 12:44:15+00:00,2025-11-21 12:44:15+00:00,-28,-21,30,4629.0,5,4,stable,high_repository_visible_planning,2.5,0.09375
TEAM_07,2025.2,week_-2,11,2025-11-21 12:44:15+00:00,2025-11-28 12:44:15+00:00,-21,-14,0,0.0,0,0,stable,high_repository_visible_planning,2.5,0.09375
TEAM_07,2025.2,week_-1,12,2025-11-28 12:44:15+00:00,2025-12-05 12:44:15+00:00,-14,-7,0,0.0,0,0,stable,high_repository_visible_planning,2.5,0.09375
TEAM_07,2025.2,final_7_days,13,2025-12-05 12:44:15+00:00,2025-12-12 12:44:15+00:00,-7,0,6,1208.0,3,3,stable,high_repository_visible_planning,2.5,0.09375
TEAM_08,2025.2,week_-12,1,2025-09-05 12:20:15+00:00,2025-09-12 12:20:15+00:00,-91,-84,0,0.0,0,0,stable,lower_repository_visible_planning,2.416666666666667,0.0729166666666669
TEAM_08,2025.2,week_-11,2,2025-09-12 12:20:15+00:00,2025-09-19 12:20:15+00:00,-84,-77,0,0.0,0,0,stable,lower_repository_visible_planning,2.416666666666667,0.0729166666666669
TEAM_08,2025.2,week_-10,3,2025-09-19 12:20:15+00:00,2025-09-26 12:20:15+00:00,-77,-70,0,0.0,0,0,stable,lower_repository_visible_planning,2.416666666666667,0.0729166666666669
TEAM_08,2025.2,week_-9,4,2025-09-26 12:20:15+00:00,2025-10-03 12:20:15+00:00,-70,-63,0,0.0,0,0,stable,lower_repository_visible_planning,2.416666666666667,0.0729166666666669
TEAM_08,2025.2,week_-8,5,2025-10-03 12:20:15+00:00,2025-10-10 12:20:15+00:00,-63,-56,0,0.0,0,0,stable,lower_repository_visible_planning,2.416666666666667,0.0729166666666669
TEAM_08,2025.2,week_-7,6,2025-10-10 12:20:15+00:00,2025-10-17 12:20:15+00:00,-56,-49,0,0.0,0,0,stable,lower_repository_visible_planning,2.416666666666667,0.0729166666666669
TEAM_08,2025.2,week_-6,7,2025-10-17 12:20:15+00:00,2025-10-24 12:20:15+00:00,-49,-42,0,0.0,0,0,stable,lower_repository_visible_planning,2.416666666666667,0.0729166666666669
TEAM_08,2025.2,week_-5,8,2025-10-24 12:20:15+00:00,2025-10-31 12:20:15+00:00,-42,-35,2,129.0,1,2,stable,lower_repository_visible_planning,2.416666666666667,0.0729166666666669
TEAM_08,2025.2,week_-4,9,2025-10-31 12:20:15+00:00,2025-11-07 12:20:15+00:00,-35,-28,18,1421.0,4,7,stable,lower_repository_visible_planning,2.416666666666667,0.0729166666666669
TEAM_08,2025.2,week_-3,10,2025-11-07 12:20:15+00:00,2025-11-14 12:20:15+00:00,-28,-21,3,31.0,1,2,stable,lower_repository_visible_planning,2.416666666666667,0.0729166666666669
TEAM_08,2025.2,week_-2,11,2025-11-14 12:20:15+00:00,2025-11-21 12:20:15+00:00,-21,-14,2,172.0,1,2,stable,lower_repository_visible_planning,2.416666666666667,0.0729166666666669
TEAM_08,2025.2,week_-1,12,2025-11-21 12:20:15+00:00,2025-11-28 12:20:15+00:00,-14,-7,0,0.0,0,0,stable,lower_repository_visible_planning,2.416666666666667,0.0729166666666669
TEAM_08,2025.2,final_7_days,13,2025-11-28 12:20:15+00:00,2025-12-05 12:20:15+00:00,-7,0,1,0.0,1,1,stable,lower_repository_visible_planning,2.416666666666667,0.0729166666666669
TEAM_09,2025.2,week_-12,1,2025-09-05 13:21:51+00:00,2025-09-12 13:21:51+00:00,-91,-84,0,0.0,0,0,improved,lower_repository_visible_planning,2.208333333333333,0.3333333333333335
TEAM_09,2025.2,week_-11,2,2025-09-12 13:21:51+00:00,2025-09-19 13:21:51+00:00,-84,-77,0,0.0,0,0,improved,lower_repository_visible_planning,2.208333333333333,0.3333333333333335
TEAM_09,2025.2,week_-10,3,2025-09-19 13:21:51+00:00,2025-09-26 13:21:51+00:00,-77,-70,1,0.0,1,1,improved,lower_repository_visible_planning,2.208333333333333,0.3333333333333335
TEAM_09,2025.2,week_-9,4,2025-09-26 13:21:51+00:00,2025-10-03 13:21:51+00:00,-70,-63,0,0.0,0,0,improved,lower_repository_visible_planning,2.208333333333333,0.3333333333333335
TEAM_09,2025.2,week_-8,5,2025-10-03 13:21:51+00:00,2025-10-10 13:21:51+00:00,-63,-56,0,0.0,0,0,improved,lower_repository_visible_planning,2.208333333333333,0.3333333333333335
TEAM_09,2025.2,week_-7,6,2025-10-10 13:21:51+00:00,2025-10-17 13:21:51+00:00,-56,-49,0,0.0,0,0,improved,lower_repository_visible_planning,2.208333333333333,0.3333333333333335
TEAM_09,2025.2,week_-6,7,2025-10-17 13:21:51+00:00,2025-10-24 13:21:51+00:00,-49,-42,16,873.0,3,1,improved,lower_repository_visible_planning,2.208333333333333,0.3333333333333335
TEAM_09,2025.2,week_-5,8,2025-10-24 13:21:51+00:00,2025-10-31 13:21:51+00:00,-42,-35,1,328.0,1,1,improved,lower_repository_visible_planning,2.208333333333333,0.3333333333333335
TEAM_09,2025.2,week_-4,9,2025-10-31 13:21:51+00:00,2025-11-07 13:21:51+00:00,-35,-28,1,771.0,1,1,improved,lower_repository_visible_planning,2.208333333333333,0.3333333333333335
TEAM_09,2025.2,week_-3,10,2025-11-07 13:21:51+00:00,2025-11-14 13:21:51+00:00,-28,-21,11,6564.0,5,5,improved,lower_repository_visible_planning,2.208333333333333,0.3333333333333335
TEAM_09,2025.2,week_-2,11,2025-11-14 13:21:51+00:00,2025-11-21 13:21:51+00:00,-21,-14,25,17658.0,4,4,improved,lower_repository_visible_planning,2.208333333333333,0.3333333333333335
TEAM_09,2025.2,week_-1,12,2025-11-21 13:21:51+00:00,2025-11-28 13:21:51+00:00,-14,-7,0,0.0,0,0,improved,lower_repository_visible_planning,2.208333333333333,0.3333333333333335
TEAM_09,2025.2,final_7_days,13,2025-11-28 13:21:51+00:00,2025-12-05 13:21:51+00:00,-7,0,52,9544.0,4,5,improved,lower_repository_visible_planning,2.208333333333333,0.3333333333333335
TEAM_10,2025.2,week_-12,1,2025-09-05 13:38:16+00:00,2025-09-12 13:38:16+00:00,-91,-84,0,0.0,0,0,improved,lower_repository_visible_planning,2.4375,1.0625
TEAM_10,2025.2,week_-11,2,2025-09-12 13:38:16+00:00,2025-09-19 13:38:16+00:00,-84,-77,0,0.0,0,0,improved,lower_repository_visible_planning,2.4375,1.0625
TEAM_10,2025.2,week_-10,3,2025-09-19 13:38:16+00:00,2025-09-26 13:38:16+00:00,-77,-70,0,0.0,0,0,improved,lower_repository_visible_planning,2.4375,1.0625
TEAM_10,2025.2,week_-9,4,2025-09-26 13:38:16+00:00,2025-10-03 13:38:16+00:00,-70,-63,0,0.0,0,0,improved,lower_repository_visible_planning,2.4375,1.0625
TEAM_10,2025.2,week_-8,5,2025-10-03 13:38:16+00:00,2025-10-10 13:38:16+00:00,-63,-56,0,0.0,0,0,improved,lower_repository_visible_planning,2.4375,1.0625
TEAM_10,2025.2,week_-7,6,2025-10-10 13:38:16+00:00,2025-10-17 13:38:16+00:00,-56,-49,0,0.0,0,0,improved,lower_repository_visible_planning,2.4375,1.0625
TEAM_10,2025.2,week_-6,7,2025-10-17 13:38:16+00:00,2025-10-24 13:38:16+00:00,-49,-42,0,0.0,0,0,improved,lower_repository_visible_planning,2.4375,1.0625
TEAM_10,2025.2,week_-5,8,2025-10-24 13:38:16+00:00,2025-10-31 13:38:16+00:00,-42,-35,0,0.0,0,0,improved,lower_repository_visible_planning,2.4375,1.0625
TEAM_10,2025.2,week_-4,9,2025-10-31 13:38:16+00:00,2025-11-07 13:38:16+00:00,-35,-28,3,1055.0,1,2,improved,lower_repository_visible_planning,2.4375,1.0625
TEAM_10,2025.2,week_-3,10,2025-11-07 13:38:16+00:00,2025-11-14 13:38:16+00:00,-28,-21,8,3770.0,3,3,improved,lower_repository_visible_planning,2.4375,1.0625
TEAM_10,2025.2,week_-2,11,2025-11-14 13:38:16+00:00,2025-11-21 13:38:16+00:00,-21,-14,0,0.0,0,0,improved,lower_repository_visible_planning,2.4375,1.0625
TEAM_10,2025.2,week_-1,12,2025-11-21 13:38:16+00:00,2025-11-28 13:38:16+00:00,-14,-7,0,0.0,0,0,improved,lower_repository_visible_planning,2.4375,1.0625
TEAM_10,2025.2,final_7_days,13,2025-11-28 13:38:16+00:00,2025-12-05 13:38:16+00:00,-7,0,7,1838.0,2,3,improved,lower_repository_visible_planning,2.4375,1.0625
